Net Metrekare,Oda Sayısı,Bulunduğu Kat,Isıtma Tipi,Krediye Uygunluk,Yapı Durumu,Site İçerisinde,Banyo Sayısı,Fiyat Durumu,Tipi,Brüt Metrekare,Binanın Yaşı,Binanın Kat Sayısı,Tapu Durumu,Eşya Durumu,Konum,Fiyat
80,2,6,6,1,0,1,2,3,0,85,0,7,3,0,11,3500000
110,6,1,4,1,2,0,1,3,0,130,2,5,1,0,4,3000000
110,6,1,4,1,2,0,1,3,0,130,2,5,1,0,4,3000000
110,2,3,4,1,2,1,1,3,0,120,5,5,4,0,9,2199000
130,10,3,4,1,2,1,2,3,0,150,5,3,4,0,11,2500000
120,6,1,5,1,2,1,1,3,0,135,5,6,3,0,11,1500000
110,6,4,4,1,2,1,1 ,3,0,120,3,4,5,0,2,850000
85,2,2,0,1,2,0,1,3,0,95,5,4,3,0,11,1260000
90,2,4,4,1,2,1,1 ,3,0,110,5,4,4,1,9,1450000
95,2,-1,4,1,2,1,1,3,0,105,2,3,1,0,11,975000
70,0,-1,4,1,2,1,1 ,3,0,71,5,5,4,0,9,1090000
98,2,4,4,2,2,1,1 ,3,0,115,3,4,1,0,2,952000
100,2,3,4,1,2,1,2,3,0,110,4,5,1,0,0,2000000
145,10,3,8,1,0,1,2,3,0,192,0,4,4,0,9,3449000
50,2,1,4,1,2,1,1,3,0,60,8,4,4,1,6,1275000
50,0,2,4,1,2,1,1,3,0,60,8,4,3,0,6,1365000
79,2,1,4,1,2,1,1 ,3,0,80,3,4,4,1,9,890000
125,6,2,4,2,2,1,1 ,3,0,140,5,5,1,0,9,2250000
85,2,2,4,1,2,1,1 ,3,0,95,5,5,1,1,9,1489000
110,6,1,4,1,0,0,1,3,0,130,0,3,4,0,4,3250000
95,2,1,4,1,2,1,1,3,0,100,6,5,3,0,4,2050000
95,2,1,4,1,2,1,1,3,0,100,6,5,3,0,4,2050000
50,2,3,4,1,2,1,1 ,3,0,55,2,6,1,1,6,1350000
100,6,5,4,1,2,1,1,3,0,120,3,5,4,0,4,2150000
95,2,5,0,2,2,1,1,3,0,105,5,5,4,0,9,1600000
130,6,1,8,1,2,0,2,3,0,160,0,5,1,0,6,3250000
100,2,1,8,2,2,1,2 ,3,0,110,8,4,1,0,6,2850000
120,2,5,4,1,2,1,3 ,3,0,140,0,5,4,0,4,4195000
140,6,4,4,1,2,0,1,2,1,155,8,4,1,0,6,3650000
95,2,-1,4,1,2,1,1,3,0,105,2,3,1,0,11,975000
135,10,3,4,1,2,1,2,3,0,150,8,3,4,0,9,1800000
95,2,-1,4,1,2,1,1,3,0,105,2,3,1,0,11,975000
135,10,3,4,1,2,1,2,3,0,150,8,3,4,0,9,1800000
115,2,4,4,1,2,0,1,3,0,125,3,4,3,0,11,2450000
115,4,1,6,1,2,0,2,3,0,135,5,5,4,0,11,2550000
100,6,1,4,1,0,1,1,1,0,126,0,4,3,0,9,1750000
80,2,5,6,1,2,1,1 ,3,0,81,5,9,1,0,11,1150000
90,2,5,4,0,2,1,1,1,0,115,5,5,1,0,4,2450000
160,6,3,4,0,0,1,1,1,0,175,6,4,1,0,4,4250000
120,2,4,4,1,2,0,2,2,0,140,8,7,3,0,11,3570000
145,6,1,4,1,2,0,2,3,0,165,8,8,3,1,6,4350000
60,0,1,4,0,2,1,1 ,3,0,65,2,5,3,0,6,1150000
60,2,4,4,0,2,1,1,3,0,70,7,5,3,1,6,1730000
150,6,1,4,1,2,1,1,3,0,160,5,3,4,0,11,2299000
130,6,3,4,1,2,1,1,3,0,145,8,4,3,0,3,2550000
100,2,2,7,2,2,1,1,3,0,110,5,2,2,0,9,1350000
90,2,2,4,1,2,0,1,3,0,95,5,4,4,0,11,1520000
90,2,1,4,1,2,0,1,3,0,128,8,3,3,0,6,1850000
105,2,5,4,1,2,1,1,3,0,120,5,5,4,0,1,1380000
90,6,3,4,1,2,1,2,3,0,120,0,4,3,0,11,2999000
120,6,5,4,1,2,1,2 ,3,0,140,4,5,1,0,6,3450000
110,6,4,4,1,2,1,2,3,0,130,2,4,3,0,1,2830000
108,6,3,4,0,2,1,1 ,3,0,120,5,5,1,0,1,1760000
90,2,2,4,1,2,1,1 ,3,0,115,7,5,1,0,3,2100000
95,6,2,4,1,2,1,1 ,3,0,120,7,5,1,0,3,2500000
160,10,3,4,1,2,1,2 ,3,0,200,3,3,1,0,3,3000000
95,2,-1,4,1,2,1,1,3,0,105,2,3,1,0,11,975000
70,2,3,0,1,2,1,1 ,3,0,80,5,3,1,0,3,1570000
120,6,2,8,1,2,1,2 ,3,0,135,4,2,1,0,3,2870000
95,2,4,4,1,0,0,1,3,0,120,0,4,3,0,3,2240000
130,6,2,4,1,2,0,1,3,0,150,3,5,3,0,6,3450000
135,8,0,8,2,2,0,2 ,3,0,150,8,4,1,0,6,3350000
120,6,1,3,1,2,1,1 ,3,0,130,5,5,5,0,4,2950000
150,10,3,4,1,2,1,2 ,3,0,200,3,3,1,0,13,1575000
90,2,3,4,2,2,1,1 ,3,0,100,5,5,1,0,4,2900000
120,6,4,4,1,2,1,2,3,0,140,6,5,1,0,4,4150000
105,2,3,5,1,2,1,2,3,0,125,8,6,1,0,11,3100000
115,6,1,4,1,2,1,1 ,3,0,150,7,5,1,0,9,2990000
200,6,1,4,1,2,1,2,3,0,230,3,4,3,1,6,3497000
85,2,3,4,2,2,1,1 ,3,0,90,8,5,1,0,4,1850000
80,2,4,7,0,2,0,1,1,0,90,5,4,4,0,0,1500000
110,2,2,4,1,2,1,1,3,0,120,8,2,1,0,11,2250000
135,6,3,4,1,2,0,2,3,0,160,8,6,4,0,0,3200000
151,6,2,8,0,2,1,2,2,0,208,0,6,3,0,6,4750000
80,2,3,4,0,2,1,1 ,3,0,90,7,5,1,0,4,1775000
135,6,5,4,1,2,1,1,3,0,150,5,5,1,0,9,2300000
140,6,2,4,1,2,0,2 ,3,0,160,3,5,1,0,4,2875000
90,2,-2,4,1,2,1,1,3,0,100,5,7,3,0,11,1094000
80,2,2,0,1,2,1,1,3,0,90,5,5,3,0,11,1095000
95,2,-1,4,1,2,1,1,3,0,105,2,3,1,0,11,975000
85,2,3,4,1,2,0,1 ,3,0,100,8,6,1,0,9,2200000
120,6,3,4,2,2,1,1 ,3,0,130,5,5,1,0,4,2750000
50,0,4,4,1,2,0,1 ,3,0,60,8,4,1,0,1,760000
90,2,5,4,1,2,1,1 ,3,0,105,5,5,1,1,9,1300000
115,6,5,6,1,2,1,2,3,0,140,8,6,1,0,11,3950000
70,2,2,4,1,2,1,1 ,3,0,80,5,2,1,0,1,1710000
140,6,3,4,0,2,1,1,3,0,160,6,5,1,0,3,2500000
200,10,3,4,1,2,1,3 ,1,0,240,4,3,1,0,3,3150000
80,2,3,4,2,1,0,1,3,0,90,0,13,1,0,6,4700000
120,6,2,4,2,2,0,1 ,3,0,150,2,6,1,1,4,2500000
70,2,4,8,1,2,1,1,1,0,90,0,4,4,0,3,2500000
90,2,4,4,1,2,1,1,1,0,100,3,4,4,0,0,1650000
90,2,1,4,2,2,1,1 ,3,0,100,5,4,1,1,4,2500000
220,13,2,4,1,2,1,2,3,0,240,0,2,1,0,0,4190000
220,13,2,4,1,2,1,2,3,1,240,0,2,1,0,0,4390000
100,3,1,4,0,2,1,2,1,0,110,5,6,4,0,0,2100000
120,6,1,4,1,2,1,2 ,3,0,142,2,5,1,0,11,2600000
60,2,3,4,1,2,1,1,3,0,70,8,4,3,1,6,1450000
75,2,1,1,1,2,1,1 ,3,0,90,5,4,1,0,0,1100000
95,2,-1,4,1,2,1,1,3,0,105,2,3,1,0,11,975000
80,0,3,1,2,2,1,1 ,3,0,85,5,5,1,0,4,1550000
80,2,3,3,1,2,0,1,1,0,90,5,4,4,0,0,1650000
55,2,2,4,1,2,1,1 ,3,0,60,0,5,1,1,6,1700000
80,2,5,4,1,2,1,1,3,0,120,3,5,3,0,11,2000000
128,6,2,4,1,2,0,1,3,0,140,8,4,3,0,3,2260000
165,6,3,4,1,2,0,2 ,3,0,190,0,5,3,0,12,3000000
117,2,4,4,1,2,1,1 ,3,0,135,8,4,1,0,3,1900000
140,6,4,4,1,2,1,2 ,3,0,150,8,5,1,0,4,3350000
105,6,0,4,0,2,0,1,3,0,115,5,6,4,1,0,1500000
100,6,5,6,1,2,1,1,3,0,120,5,5,3,0,11,2000000
115,6,11,4,1,2,1,2 ,3,0,143,7,11,1,0,11,2675000
145,10,1,6,1,2,0,2 ,3,0,160,5,5,1,0,6,2900000
120,6,4,4,1,0,0,1,3,0,130,0,5,4,0,3,2750000
137,6,4,6,0,2,1,2 ,3,0,170,0,8,1,0,6,3540000
90,2,2,4,1,2,0,1,1,0,95,5,4,4,1,0,1550000
60,0,-2,4,2,2,1,1,1,0,65,7,6,1,0,9,835000
100,3,2,3,0,2,0,1,1,0,110,5,5,4,0,0,1600000
200,13,3,4,1,2,1,2 ,3,0,220,7,3,1,0,1,2800000
125,6,8,5,1,2,1,1 ,3,0,140,2,16,1,0,3,2250000
110,6,2,4,1,2,1,1,3,0,120,8,5,3,0,11,1620000
45,0,3,5,2,0,1,1,3,0,50,8,5,3,1,6,1300000
185,10,3,4,1,2,1,2,3,0,225,7,3,1,0,9,3500000
85,2,5,0,2,2,1,1 ,3,0,90,5,5,1,0,9,898000
95,2,-1,4,1,2,1,1,3,0,105,2,3,1,0,11,975000
75,0,-1,4,1,2,1,1,3,0,85,5,5,1,0,9,1049000
95,2,3,4,1,2,1,1,3,0,105,2,4,1,0,9,1749000
130,6,1,4,1,2,1,1,3,0,140,5,5,4,0,5,1650000
40,0,2,4,0,2,0,1,3,0,45,1,5,1,1,12,980000
240,13,4,4,1,2,1,3,3,1,260,0,4,4,0,5,3350000
132,6,2,4,2,2,0,1 ,1,0,145,2,5,1,0,4,3100000
90,2,2,4,1,2,1,1,1,0,95,6,5,1,0,4,2650000
140,6,6,4,0,0,1,2,3,0,150,8,6,3,0,0,2950000
50,2,0,4,1,0,1,1,2,0,60,1,4,4,0,4,1150000
140,6,1,4,1,2,1,2,3,0,160,8,5,3,0,4,4150000
55,2,4,4,2,2,1,1,3,0,65,8,5,4,1,6,850000
87,2,1,4,1,2,1,1 ,3,0,92,5,3,1,0,9,1925000
75,2,1,7,1,2,1,1,3,0,85,5,2,5,0,7,3000000
80,2,2,4,1,2,1,1 ,3,0,90,2,4,1,1,6,1259000
95,2,4,4,1,2,1,1,3,0,155,7,4,4,0,0,870000
120,2,2,4,1,2,1,1,1,0,125,8,4,1,0,8,2000000
49,2,2,8,2,2,1,1,3,0,55,1,6,1,1,6,1820000
120,6,3,4,1,2,1,1,3,0,140,5,5,4,1,5,1100000
95,2,1,4,1,2,1,2,3,0,105,7,4,4,0,5,1550000
85,2,2,4,1,2,1,1,3,0,95,3,5,3,0,6,1540000
70,2,5,5,1,2,0,1,3,0,80,1,5,3,1,6,1330000
140,6,3,4,1,2,1,2,3,0,150,8,3,4,0,5,2400000
120,6,4,4,1,2,0,1,3,0,130,5,4,4,0,5,1500000
95,2,-1,4,1,2,1,1,3,0,105,2,3,1,0,11,975000
85,2,1,4,1,2,1,1,3,0,110,8,5,1,0,4,2855000
110,6,3,4,1,2,1,1 ,3,0,125,2,3,1,1,6,1740000
60,0,4,4,1,2,1,1,3,0,70,8,6,1,0,4,1910000
85,2,2,4,1,2,0,1,3,0,95,3,5,3,0,6,1540000
85,2,2,4,1,2,0,1,3,0,95,3,5,3,0,6,1540000
110,6,-3,4,1,2,1,2,1,0,130,0,3,3,0,9,1750000
95,2,5,4,1,2,1,1,3,0,110,5,6,1,0,11,1375000
200,11,3,4,1,2,1,2 ,3,0,220,4,3,1,0,1,4050000
100,2,2,4,1,2,1,1 ,3,0,110,8,2,1,0,1,1850000
110,6,1,4,1,2,1,1 ,3,0,120,8,3,1,0,1,1970000
115,4,1,6,1,2,0,2,3,0,135,5,5,4,0,11,2550000
125,6,1,4,1,2,1,1 ,3,0,130,3,5,4,0,2,1330000
125,6,2,4,2,2,1,2 ,3,0,140,1,4,1,0,2,2250000
109,2,2,4,2,2,1,1 ,3,0,110,4,4,4,0,2,1730000
120,2,3,4,1,2,1,1,3,0,138,3,5,3,0,11,1800000
125,6,3,6,1,2,0,1,3,0,140,5,5,1,0,11,1870000
100,6,4,4,1,2,1,1,3,0,120,5,5,4,0,11,1950000
120,6,1,6,1,2,1,1 ,1,0,125,8,5,1,0,8,2600000
125,2,4,4,1,2,1,1,3,0,133,5,4,1,0,12,1425000
50,2,-2,7,0,2,1,1,3,0,60,5,5,4,0,9,720000
143,6,-3,8,1,0,0,2,3,0,156,0,3,3,0,0,3800000
125,6,1,6,1,2,1,1,3,0,140,5,7,4,0,11,2200000
95,2,-1,4,1,2,1,1,3,0,105,2,3,1,0,11,975000
110,6,2,4,1,2,1,1,3,0,120,8,5,3,0,11,1620000
100,2,5,4,2,2,1,1,3,0,120,5,5,4,0,9,1900000
84,2,3,4,1,2,0,1,3,0,86,8,4,1,0,0,2300000
45,0,3,5,2,2,1,1 ,3,0,50,8,5,1,1,6,1450000
100,6,4,0,0,2,1,1,3,0,115,5,4,1,0,2,1450000
72,2,6,4,1,2,1,1 ,3,0,78,5,6,1,0,11,1680000
120,2,2,0,1,2,1,2,3,0,388,3,4,4,0,4,2250000
90,2,1,4,1,2,1,1,1,0,99,3,5,1,0,4,2050000
100,2,1,4,1,2,1,1 ,3,0,110,8,5,1,0,3,1450000
130,6,4,4,1,2,0,2,3,0,150,4,5,3,0,0,3600000
110,6,2,4,1,2,1,1,2,0,115,5,4,3,0,9,1650000
200,10,3,4,1,2,1,2,2,0,240,8,3,3,0,6,4150000
150,2,2,4,1,2,1,1 ,3,0,160,5,4,4,0,11,2200000
90,2,3,0,1,2,1,1,3,0,95,5,3,4,0,0,970000
85,2,2,1,1,2,0,1 ,3,0,95,5,4,1,0,0,2000000
145,6,1,4,1,2,0,1,2,0,150,5,4,3,0,6,3650000
110,10,1,4,1,2,1,1,3,0,283,5,1,5,0,0,3800000
68,2,3,4,1,2,1,1,3,0,75,8,4,4,0,6,1450000
70,2,2,4,1,2,1,1,3,0,80,8,5,3,1,6,1375000
135,6,1,4,1,2,0,2,3,0,165,3,4,4,0,4,3650000
95,2,-1,4,1,2,1,1,3,0,105,2,3,1,0,11,975000
80,2,3,4,1,2,1,1 ,3,0,95,8,4,1,1,11,1790000
200,10,3,6,1,2,1,2,3,0,250,5,5,1,0,9,4500000
90,2,5,8,1,2,0,2 ,3,0,110,0,6,4,0,6,2589000
135,6,3,8,1,2,0,2 ,3,0,145,0,4,4,0,12,3100000
135,6,5,4,2,2,1,1 ,3,0,140,5,5,1,0,12,2980000
60,2,2,4,1,2,0,1 ,3,0,70,8,4,1,1,6,1260000
125,6,3,4,1,2,1,1 ,3,0,140,8,3,1,0,1,2270000
130,6,2,4,1,2,1,1 ,3,0,140,6,3,1,0,1,3600000
95,6,5,4,1,2,1,1 ,3,0,110,5,5,1,0,1,1700000
130,6,2,4,1,2,0,1,3,0,140,5,5,4,1,4,2925000
170,2,2,4,1,2,1,2 ,3,0,225,7,5,5,0,2,3250000
105,2,3,4,1,2,1,2 ,3,0,130,0,4,1,0,9,2100000
135,6,1,4,0,2,0,2 ,3,0,150,2,5,3,0,4,3150000
70,2,1,4,1,2,1,1,3,0,78,8,4,3,0,6,1425000
130,2,3,4,1,0,0,2,2,0,150,0,3,3,0,0,2750000
138,6,2,4,1,2,1,2 ,3,0,150,8,5,4,0,6,2450000
90,2,9,4,2,2,0,2 ,3,0,100,0,10,1,0,9,2150000
110,6,9,4,2,2,0,2 ,3,0,120,0,12,1,0,9,3050000
95,2,-1,4,1,2,1,1,3,0,105,2,3,1,0,11,975000
120,6,0,7,1,2,1,1,3,0,130,5,5,3,0,10,1600000
85,2,3,4,2,2,1,1,3,0,90,5,5,1,0,11,1597000
75,2,1,4,1,2,1,1 ,3,0,85,5,4,1,0,11,1347000
95,2,3,4,1,2,1,1,3,0,100,5,4,1,0,11,1643000
120,6,0,4,1,2,1,1,3,0,135,5,5,4,0,11,1549000
75,2,2,4,1,2,0,1,3,0,80,7,3,1,0,11,1849000
100,4,5,0,1,2,1,1,3,0,120,5,5,1,0,11,1299000
95,6,3,4,1,2,1,2 ,3,0,100,5,5,4,0,11,1649000
75,2,2,4,1,2,0,1,3,0,80,7,3,1,0,11,1849000
90,2,2,4,1,2,1,1 ,3,0,100,2,5,4,0,11,1599000
85,2,3,4,1,2,1,1,3,0,95,5,5,4,0,11,1382000
80,2,5,4,1,2,1,1 ,3,0,90,5,5,3,0,11,1237000
120,6,3,4,1,2,1,1,3,0,130,5,5,4,0,11,1699000
130,6,2,4,1,2,1,1 ,3,0,140,5,4,1,0,9,3294000
175,10,3,4,1,2,1,2 ,3,0,190,8,4,1,0,1,3450000
85,2,0,0,2,2,1,1 ,3,0,95,5,4,1,0,9,759000
175,10,3,4,1,2,1,2 ,3,0,190,8,4,1,0,1,3450000
85,2,0,0,2,2,1,1 ,3,0,95,5,4,1,0,9,759000
100,6,5,6,1,2,0,1,3,0,120,5,5,3,0,11,2000000
80,2,1,4,1,2,1,1 ,3,0,95,8,3,1,0,1,1700000
140,6,3,4,1,2,1,1 ,3,0,160,8,3,1,0,1,2380000
100,2,2,4,1,2,1,1 ,3,0,110,5,3,1,0,1,1590000
95,2,-1,4,1,2,1,1,3,0,105,2,3,1,0,11,975000
125,6,4,4,1,2,1,1 ,3,0,135,5,4,5,0,2,970000
125,6,4,4,1,2,1,1 ,3,0,135,5,4,5,0,2,970000
115,6,1,4,1,2,1,1 ,3,0,125,2,5,4,0,6,2750000
150,6,2,4,1,2,0,1,3,0,175,2,5,3,0,4,3500000
90,2,2,4,1,2,1,1,3,0,100,2,6,3,0,4,2350000
135,6,4,4,1,2,1,1 ,3,0,150,5,5,4,0,0,1150000
135,6,2,4,1,2,1,1 ,3,0,150,5,4,4,0,0,1200000
70,2,1,0,2,2,1,1 ,3,0,80,5,3,1,0,9,750000
90,2,7,5,1,2,0,1 ,3,0,95,8,7,1,0,12,1495000
90,2,7,5,1,2,0,1 ,3,0,95,8,7,1,0,12,1495000
65,0,1,8,1,2,0,1 ,3,0,80,6,6,1,1,6,1339000
55,2,1,4,1,2,0,1 ,3,0,60,8,4,1,1,6,1329000
75,2,2,4,1,2,1,1 ,3,0,85,8,4,1,1,6,1330000
120,2,2,4,1,2,1,1,3,0,130,3,4,4,0,9,1600000
180,10,3,4,1,2,1,1 ,3,0,200,0,3,1,0,12,2235000
130,6,1,4,1,2,0,1,3,0,145,7,3,3,0,6,2400000
95,2,-1,4,1,2,1,1,3,0,105,2,3,1,0,11,975000
130,6,1,4,1,2,0,1,3,0,145,7,3,3,0,6,2400000
40,0,2,4,1,2,1,1,3,0,50,8,3,1,1,6,1075000
130,6,1,4,1,2,0,1,3,0,145,7,3,3,1,6,2400000
140,10,0,4,1,2,1,2,1,0,170,7,5,1,0,9,2500000
85,2,2,4,1,2,1,1,3,0,95,5,4,3,0,9,1500000
75,2,-1,6,0,2,0,1 ,3,0,150,5,1,1,0,0,920000
60,2,1,1,2,2,1,1 ,3,3,127,0,1,1,0,4,2500000
160,6,3,4,1,2,1,2,3,1,209,0,3,1,0,0,2600000
110,6,1,4,1,2,1,1 ,3,0,125,7,3,4,0,0,1595000
85,2,1,4,1,2,0,1 ,3,0,100,7,3,1,0,0,1795000
90,4,1,4,1,2,1,2 ,3,0,100,8,7,1,1,6,2675000
128,6,1,4,1,2,1,2 ,3,0,140,6,5,1,0,6,3790000
83,2,1,4,1,2,1,1,3,0,98,6,3,1,0,6,2400000
80,2,1,4,1,2,1,1 ,3,0,90,7,3,4,0,9,1750000
80,2,1,4,1,2,1,1 ,3,0,90,7,3,4,0,9,1750000
85,2,1,4,1,2,0,1 ,3,0,100,4,6,1,0,4,2050000
150,6,5,4,1,2,0,1,3,0,180,5,5,4,0,0,2575000
180,10,2,6,1,2,1,3,3,0,200,5,5,4,0,9,4100000
122,2,1,4,1,2,1,1 ,3,0,135,4,1,4,0,9,2275000
135,6,1,4,1,2,1,1 ,3,0,145,8,3,1,0,9,2000000
85,2,4,4,1,2,1,1,3,0,90,5,4,1,0,0,1800000
82,2,4,1,1,2,1,1,3,0,85,5,4,1,0,0,1360000
83,2,1,4,1,0,1,1,3,0,85,0,4,1,0,0,2500000
135,6,3,4,1,2,1,2,3,0,140,0,3,4,0,4,4000000
95,2,-1,4,1,2,1,1,3,0,105,2,3,1,0,11,975000
132,6,3,4,2,2,0,1,3,0,150,1,5,1,0,13,3200000
119,2,4,4,1,2,1,1,3,0,128,8,4,3,0,9,1750000
55,2,3,4,1,2,1,1 ,3,0,60,1,6,1,1,6,1430000
200,10,4,6,1,2,0,2 ,3,0,235,3,7,1,0,9,3650000
120,6,6,8,2,2,0,1 ,3,0,135,0,10,4,0,6,3050000
60,2,3,4,1,2,1,1 ,3,0,80,6,5,1,0,9,2600000
45,0,3,4,1,2,1,1,3,0,55,8,4,3,1,6,1365000
120,2,2,4,1,2,1,1 ,3,0,135,0,4,4,0,2,1700000
90,2,4,4,1,2,1,1 ,3,0,100,5,4,4,0,2,850000
120,6,2,2,1,2,1,1 ,3,0,130,0,3,1,0,9,2750000
60,2,4,4,1,2,0,1 ,3,0,65,0,6,1,1,6,1550000
100,2,1,6,1,2,1,1 ,3,0,110,5,5,4,1,9,3500000
110,2,1,4,1,2,1,1,3,0,120,8,5,3,0,3,2350000
100,6,4,6,1,2,0,1,3,0,120,5,5,3,0,11,3160000
220,10,5,4,1,2,1,1 ,3,0,230,2,5,1,0,11,2650000
85,2,4,4,1,2,1,1,3,0,95,5,4,4,0,11,1360000
90,2,1,4,1,2,1,1 ,3,0,95,5,5,4,0,0,680000
174,10,-1,4,1,2,1,1 ,3,0,200,7,2,1,0,6,2590000
115,6,3,4,1,2,0,2 ,3,0,125,4,13,1,0,9,2900000
82,2,2,4,1,2,1,1,3,0,85,5,4,1,0,0,2000000
90,2,2,7,1,2,1,1,3,3,95,8,2,4,0,2,1950000
90,2,1,4,1,2,1,2 ,3,0,105,8,2,3,0,9,1890000
120,6,2,4,1,2,1,1 ,3,0,135,2,4,1,0,6,2150000
70,0,3,4,1,2,1,1 ,3,0,80,8,4,4,1,6,1400000
65,0,2,4,1,2,1,1 ,3,0,70,8,4,4,1,6,1100000
95,2,-1,4,1,2,1,1,3,0,105,2,3,1,0,11,975000
60,0,4,4,1,2,1,2 ,3,0,75,8,4,1,1,6,1400000
100,2,0,0,1,2,1,1,3,0,120,5,4,3,0,11,975000
125,2,3,4,1,2,1,1,3,0,150,5,5,1,0,11,1575000
110,2,1,4,1,2,1,1,2,0,120,2,3,3,0,6,2300000
230,10,3,4,1,2,1,2,3,0,240,8,3,3,0,6,2950000
137,6,1,4,1,2,1,1 ,3,0,150,5,4,1,0,6,3125000
160,6,4,4,1,2,0,2,3,0,180,7,4,3,0,12,4800000
75,1,1,7,2,0,1,1,3,0,273,0,1,0,0,13,4250000
80,2,4,0,1,2,1,1,3,0,95,5,4,4,0,11,825000
120,6,5,7,1,2,1,1 ,3,0,125,5,5,1,0,0,750000
110,6,3,8,1,0,1,1,3,0,125,0,4,5,0,12,1900000
70,2,3,4,1,2,0,1,3,0,75,3,5,4,0,4,1850000
135,6,5,4,1,2,0,1,3,0,145,5,5,3,0,8,1850000
50,0,1,4,1,2,1,1 ,3,0,55,8,4,1,1,6,1199000
50,2,3,4,1,2,0,1 ,3,0,60,6,6,1,1,6,1679000
85,2,4,4,1,2,1,1,1,0,90,5,4,1,0,9,1100000
235,13,3,4,1,2,1,2 ,3,0,260,0,3,4,0,0,2700000
120,6,1,4,1,2,0,1 ,3,0,130,5,7,4,0,0,2200000
100,2,1,4,1,2,1,1 ,3,0,110,5,4,4,0,11,1499000
75,0,-1,4,1,2,1,1 ,3,0,85,5,5,4,0,9,1049000
100,2,2,0,2,2,1,1,2,0,105,5,4,5,0,9,1280000
120,2,1,4,1,2,0,1 ,3,0,140,7,5,1,0,0,2600000
95,2,-1,4,1,2,1,1,3,0,105,2,3,1,0,11,975000
85,2,1,4,1,2,1,1,3,0,95,8,4,3,0,9,1565000
135,6,5,4,0,2,1,1,3,0,145,3,5,1,0,4,2500000
140,2,1,4,2,2,1,1 ,3,0,145,5,4,1,0,9,1250000
80,2,2,0,2,2,1,1 ,3,0,85,5,4,1,0,11,850000
75,2,3,4,1,2,0,1 ,3,0,80,7,5,1,0,6,2200000
125,6,1,4,1,2,1,2,3,0,130,0,3,1,0,0,2100000
125,6,5,4,1,2,0,1,3,0,130,5,10,1,0,0,1625000
125,6,5,4,1,2,0,1,3,0,130,5,10,1,0,0,1625000
85,2,1,4,2,2,1,1,3,0,100,8,3,1,0,0,1750000
110,6,4,4,0,2,1,1,3,0,120,5,5,3,0,11,1490000
75,2,3,4,1,2,1,1 ,3,0,85,3,5,4,1,0,2450000
115,6,1,4,1,2,1,1,3,0,139,2,4,1,0,6,2835000
115,6,1,4,1,2,1,1,3,0,139,2,4,1,0,6,2835000
75,2,1,8,1,2,1,1 ,3,0,95,0,2,1,0,9,1899000
140,6,6,4,1,2,0,2,2,0,145,8,7,3,0,6,4100000
70,2,0,4,1,2,1,1 ,3,0,80,8,4,4,0,9,1375000
65,0,3,4,2,2,0,1 ,3,0,70,8,3,1,1,6,1275000
50,0,1,4,1,2,1,1 ,3,0,60,1,4,1,1,6,1325000
140,6,2,4,1,2,0,2 ,3,0,160,8,5,1,0,6,4850000
75,2,1,8,1,2,1,1 ,3,0,111,0,8,1,0,11,2500000
90,2,1,8,1,2,0,1 ,3,0,115,6,9,1,0,11,3100000
95,2,0,4,1,2,1,1,3,0,105,8,5,3,0,6,1499000
95,2,-1,4,1,2,1,1,3,0,105,2,3,1,0,11,975000
50,2,1,4,1,0,0,1,3,0,60,0,5,3,1,6,1600000
120,6,-1,5,1,2,0,2,3,0,145,8,6,3,0,11,3550000
50,2,4,4,1,2,1,1,3,0,60,6,5,3,1,6,1590000
135,6,1,4,1,2,1,2,3,0,145,2,5,3,0,6,1950000
240,14,5,4,1,2,1,3 ,3,0,260,3,5,1,0,11,3650000
66,2,5,1,1,2,0,1,3,0,75,5,5,3,0,8,779000
70,2,1,4,1,2,1,1,3,0,90,8,4,3,0,9,1690000
100,2,3,4,1,2,1,1 ,3,0,110,5,5,1,0,12,1375000
45,2,3,4,1,2,1,1,3,0,55,8,5,3,1,6,1350000
110,6,3,4,1,2,1,1 ,1,0,120,5,5,1,0,11,2150000
90,2,4,4,1,2,1,1,3,0,95,5,5,4,0,4,1560000
100,2,11,5,1,2,1,2,3,0,130,8,15,4,0,11,2850000
80,2,1,4,1,2,1,1 ,3,0,90,1,3,4,0,6,2250000
90,2,1,8,1,2,1,1 ,3,0,100,0,7,4,0,6,3250000
90,2,1,4,1,2,1,1,2,0,97,5,4,3,0,11,1280000
50,2,3,4,1,0,1,1,3,0,60,1,5,3,1,6,1750000
145,6,2,8,1,2,0,2,3,0,168,0,5,4,0,6,3650000
55,0,1,4,1,2,1,1 ,3,0,68,8,4,1,0,11,950000
90,2,5,4,1,2,1,1 ,3,0,100,5,5,1,0,9,1270000
70,2,3,4,1,2,1,1 ,3,0,85,8,4,1,1,6,1650000
57,2,1,4,1,2,0,1,3,0,70,8,4,3,1,6,1500000
60,2,1,4,1,2,1,1 ,3,0,70,7,4,1,1,6,1439000
60,0,2,4,2,2,1,1 ,3,0,70,1,4,1,1,6,1379000
60,2,4,4,1,2,1,1 ,3,0,70,8,4,4,1,6,1365000
85,6,1,4,1,2,0,1 ,3,0,90,6,6,1,1,6,1525000
80,2,2,4,1,2,0,1 ,3,0,85,4,3,4,1,6,1300000
100,6,4,4,1,2,1,1 ,3,0,110,8,4,1,1,6,1419000
95,2,-1,4,1,2,1,1,3,0,105,2,3,1,0,11,975000
70,2,2,4,1,2,0,1 ,3,0,75,0,7,1,1,6,1700000
60,0,3,4,1,2,1,1 ,3,0,65,8,4,1,1,6,1229000
70,2,2,4,1,2,0,1 ,3,0,75,8,4,1,1,6,1369000
65,1,1,4,1,2,1,1 ,3,0,70,8,4,1,1,6,1079000
65,1,1,4,1,2,1,1 ,3,0,70,8,4,1,1,6,1069000
65,0,1,4,1,2,1,1 ,3,0,70,8,4,1,1,6,1057000
75,0,1,4,1,2,0,1 ,3,0,85,8,3,1,1,6,1100000
80,6,1,4,1,2,1,1 ,3,0,90,0,5,1,1,6,1500000
65,1,2,4,1,2,0,1 ,3,0,70,8,4,1,1,6,1090000
65,2,2,4,1,2,1,1 ,3,0,70,8,4,1,1,6,1429000
65,0,3,4,2,2,1,1 ,3,0,75,8,4,4,1,6,1270000
65,0,3,4,2,2,1,1 ,3,0,75,8,4,4,1,6,1270000
60,2,1,4,1,2,1,1 ,3,0,70,8,4,4,1,6,1089000
120,6,3,8,1,2,0,2 ,3,0,145,7,4,1,0,6,2850000
60,0,1,4,2,2,1,1 ,3,0,70,8,4,1,1,6,1089000
50,2,1,4,1,2,0,1 ,3,0,70,4,5,1,1,6,1590000
150,6,1,4,1,2,0,2 ,3,0,180,8,4,1,0,6,3175000
130,6,1,8,1,2,0,1 ,3,0,145,7,3,1,0,6,2269000
100,2,1,4,2,2,0,1 ,3,0,120,0,2,4,0,2,2250000
140,6,1,4,1,2,0,2 ,3,0,180,4,6,1,0,6,3069000
60,2,1,4,2,2,1,1 ,3,0,70,8,4,1,1,6,1599000
90,6,2,4,1,2,0,1 ,3,0,110,8,4,1,0,6,2140000
60,0,3,4,1,2,1,1 ,3,0,65,8,4,4,1,6,1219000
95,2,1,4,1,2,1,1 ,3,0,135,5,5,5,0,9,1375000
65,0,2,4,2,2,1,1 ,3,0,75,8,4,1,1,6,1349000
100,6,1,4,1,2,1,1 ,3,0,110,8,4,1,0,9,1490000
95,2,-1,4,1,2,1,1,3,0,105,2,3,1,0,11,975000
41,0,1,8,1,2,1,1 ,3,0,50,0,4,1,0,7,990000
70,2,2,4,1,2,1,1 ,3,0,85,8,4,1,0,6,1290000
90,2,2,4,1,2,0,1 ,3,0,100,2,5,4,1,6,2300000
100,6,4,4,1,2,1,1 ,3,0,110,5,4,4,0,4,2399000
70,2,3,4,2,2,1,1 ,3,0,80,8,5,4,1,6,1359000
70,2,2,4,1,2,1,1 ,3,0,75,8,5,4,1,6,1565000
130,6,1,4,1,2,1,1 ,3,0,145,7,3,1,0,6,2269000
130,8,3,8,1,2,0,2 ,3,0,157,0,5,1,0,6,3720000
120,6,3,8,1,2,0,2 ,3,0,145,7,4,1,0,6,2850000
85,2,1,4,1,2,1,1 ,3,0,100,7,5,1,0,6,2250000
90,2,4,4,1,2,1,1 ,3,0,100,3,4,1,0,9,1250000
100,2,4,4,1,2,1,2 ,3,0,120,8,4,1,0,4,3150000
90,2,0,4,1,2,1,1 ,3,0,95,5,5,1,0,9,875000
90,2,0,4,1,2,1,1 ,3,0,100,5,5,4,0,9,875000
107,2,1,4,0,2,1,1,3,0,117,4,3,1,0,9,2250000
120,6,4,4,2,2,0,1 ,3,0,150,5,5,4,0,6,3650000
120,6,4,4,2,2,0,1 ,3,0,150,5,5,4,0,6,3650000
80,6,3,4,0,2,1,1,3,0,85,8,4,3,1,6,1650000
85,2,1,7,0,2,1,2,3,0,92,5,2,5,0,11,2100000
140,9,3,4,1,2,1,1,3,1,146,0,3,1,0,2,2650000
116,2,1,8,1,2,1,2 ,3,0,126,1,4,1,0,6,3515000
200,13,2,4,1,2,1,2 ,3,0,220,8,2,1,0,6,3950000
128,2,3,0,1,2,1,2 ,3,0,138,6,4,1,0,2,2300000
220,10,3,4,1,2,1,3 ,3,0,260,7,3,4,0,9,2590000
105,2,4,4,1,2,1,1 ,3,0,158,1,5,1,0,3,2105000
95,2,-1,4,1,2,1,1,3,0,105,2,3,1,0,11,975000
135,6,2,4,1,2,1,1,3,0,150,5,5,4,0,0,1150000
100,11,4,4,2,2,1,1 ,3,0,110,6,4,4,1,6,1849000
60,2,3,4,1,2,1,1 ,3,0,70,8,4,1,1,6,1365000
70,2,2,4,1,2,0,1 ,3,0,75,0,4,1,1,6,1450000
70,2,3,4,1,2,1,1 ,3,0,75,8,4,4,1,6,1329000
60,0,2,4,1,2,1,1 ,3,0,65,2,5,1,1,6,1039000
70,2,2,4,1,2,0,1 ,3,0,75,0,6,4,1,6,1650000
65,1,3,4,1,2,1,1 ,3,0,75,8,4,4,1,6,1339000
65,1,2,4,1,2,1,1 ,3,0,70,6,3,4,1,6,799000
65,1,2,4,1,2,1,1 ,3,0,70,6,3,4,1,6,799000
70,2,1,4,1,2,1,1 ,3,0,75,4,4,1,1,6,1269000
50,0,3,4,1,2,1,1 ,3,0,60,8,4,1,1,6,1089000
70,2,2,4,1,2,0,1 ,3,0,85,0,5,4,1,6,1500000
65,2,3,4,1,2,0,1 ,3,0,70,1,5,1,1,6,1449000
55,2,2,4,1,2,1,1 ,3,0,65,8,5,1,1,6,1290000
55,0,1,4,1,2,1,1 ,3,0,60,8,4,1,1,6,1069000
90,2,2,4,1,2,1,1 ,3,0,100,0,4,1,1,6,1539000
75,2,1,4,1,2,1,1 ,3,0,80,8,4,4,0,6,1300000
50,0,3,4,1,2,1,1 ,3,0,55,8,5,1,1,6,1239000
140,10,1,4,1,2,1,1,3,0,150,5,3,4,0,0,1550000
100,6,5,4,1,2,0,1,3,0,125,5,5,1,0,6,2600000
80,2,2,3,1,2,1,1,3,0,85,3,5,1,0,0,2000000
102,6,2,4,1,2,1,2 ,3,0,132,1,5,1,0,6,3250000
110,6,0,4,1,2,1,1 ,3,0,115,5,5,4,0,0,990000
225,13,6,4,1,2,1,3 ,3,0,250,8,6,4,0,0,4850000
70,2,1,4,1,2,1,1 ,1,0,80,5,5,1,0,11,1500000
95,2,-1,4,1,2,1,1,3,0,105,2,3,1,0,11,975000
110,2,4,4,1,2,0,2 ,3,0,121,4,14,1,0,9,2530000
220,10,4,4,1,2,1,3 ,3,0,240,5,5,4,0,6,3700000
55,2,2,4,2,2,0,1 ,3,0,60,0,5,1,0,6,1650000
35,15,1,5,1,2,1,1 ,3,0,40,8,5,1,1,6,1075000
115,2,10,4,1,2,1,2,3,0,135,7,10,3,0,6,3350000
95,2,2,6,1,2,1,1,2,0,100,8,4,3,0,8,1850000
145,6,10,4,1,2,0,1 ,3,0,150,5,10,1,0,11,2450000
142,6,5,8,1,2,1,2 ,3,0,150,0,5,1,0,11,3050000
170,10,1,4,1,2,1,2 ,3,0,200,2,4,5,0,2,1690000
80,2,1,1,1,2,1,1 ,3,0,85,5,4,4,1,0,1350000
120,6,2,8,1,0,1,2,3,0,162,0,10,1,0,6,3300000
65,2,4,4,1,2,1,1,3,0,75,8,5,3,1,6,1465000
65,2,4,4,1,2,0,1,3,0,75,8,5,3,1,6,1465000
65,2,4,4,1,2,0,1,3,0,75,8,5,3,1,6,1465000
136,6,3,4,1,2,0,2 ,3,0,146,8,3,1,0,12,3050000
140,10,1,8,2,2,1,2 ,3,0,170,0,3,1,0,9,3350000
90,2,4,4,1,2,1,1,3,0,100,2,5,1,0,11,1350000
95,2,1,4,1,2,0,1 ,3,0,130,8,8,4,0,6,3149000
120,2,4,4,1,2,1,1,3,0,130,2,5,1,0,0,2100000
130,6,2,4,1,2,1,1 ,3,0,140,0,3,1,0,12,2500000
145,6,2,4,1,2,0,1,3,0,155,8,5,3,0,4,3000000
100,6,2,4,1,2,1,1,3,0,120,5,4,4,0,0,1135000
95,2,2,7,1,2,1,1,3,0,110,5,2,0,0,0,2300000
85,2,-1,4,2,2,1,1 ,3,0,90,5,5,1,0,0,1100000
95,2,-1,4,1,2,1,1,3,0,105,2,3,1,0,11,975000
55,0,2,4,1,2,1,1 ,3,0,65,8,5,1,0,9,2050000
135,6,2,4,1,2,0,2 ,3,0,150,2,6,1,0,9,2900000
125,6,4,4,1,2,0,1,3,0,130,5,6,1,0,0,1425000
90,2,1,3,2,2,1,1,3,0,105,5,4,1,0,0,750000
50,2,2,4,1,2,1,1,3,0,60,8,4,3,1,6,1245000
55,2,4,4,2,2,1,1,3,0,65,8,4,3,1,6,1365000
50,2,3,4,1,2,1,1,3,0,60,6,6,3,1,6,1735000
40,0,1,4,1,2,1,1,3,0,55,1,5,3,1,6,1390000
105,2,2,4,1,2,1,1,3,0,120,7,5,3,1,6,2255000
130,6,2,4,1,2,1,1 ,3,0,150,5,4,1,0,9,2250000
90,2,2,4,1,2,1,1 ,3,0,95,5,5,1,0,9,1450000
55,2,4,4,1,2,1,1 ,3,0,65,0,6,1,1,6,1750000
85,2,1,4,1,2,1,1,2,0,90,5,5,3,0,9,875000
90,2,0,4,1,2,1,1,3,0,100,5,5,4,0,9,875000
70,0,-1,4,1,2,0,1,3,0,71,5,5,4,0,9,1090000
115,2,1,4,0,2,1,1 ,3,0,120,8,4,1,0,8,2350000
130,6,2,4,1,2,1,1,3,0,135,7,3,4,0,0,1900000
130,6,7,4,1,2,0,2,2,0,145,7,8,4,0,6,3950000
150,6,1,4,2,2,1,1,3,0,160,8,5,3,0,4,3200000
140,6,5,4,2,2,1,1 ,3,0,160,2,5,3,0,4,2550000
115,2,8,4,0,2,0,2,3,0,135,7,10,4,1,6,2950000
65,2,2,4,1,2,1,1 ,3,0,80,8,5,1,1,6,1425000
50,0,1,4,1,0,1,1 ,3,0,60,1,3,1,1,6,1325000
80,2,3,4,1,2,1,1 ,3,0,100,3,5,1,0,6,1650000
140,6,5,4,1,2,1,1 ,3,0,160,3,5,1,0,6,2150000
55,2,2,4,1,2,1,1 ,3,0,60,0,3,1,0,6,1525000
55,2,1,4,1,0,1,1 ,3,0,70,0,4,1,0,6,1650000
95,2,-1,4,1,2,1,1,3,0,105,2,3,1,0,11,975000
160,10,3,4,2,2,1,2 ,3,0,185,2,4,1,0,6,3650000
125,6,2,4,1,0,0,2,2,0,164,0,6,4,0,11,2785000
110,6,1,4,1,2,1,1,3,0,120,5,4,4,0,0,1250000
140,6,2,4,0,2,0,2,3,0,167,7,3,3,0,12,3500000
50,0,3,4,1,2,0,1 ,3,0,55,2,5,4,1,6,1289000
130,6,2,4,0,2,1,1,3,0,140,0,3,1,0,12,2500000
135,6,2,4,1,2,1,2 ,3,0,160,5,3,1,0,9,2350000
100,6,2,4,1,2,1,1 ,3,0,120,3,5,1,0,4,4250000
65,2,1,8,1,2,0,1 ,3,0,75,0,4,4,0,6,1480000
50,0,1,4,1,2,0,1 ,3,0,65,8,5,1,1,6,1099000
120,6,1,4,1,0,1,1,3,0,150,0,5,3,0,4,3650000
85,2,0,4,1,2,1,1,1,0,90,5,5,3,0,11,1800000
135,6,1,4,2,2,1,1 ,3,0,142,3,4,1,0,2,1770000
135,6,3,4,1,2,1,1 ,3,0,145,7,3,4,0,2,2250000
129,2,3,4,2,2,1,1 ,3,0,130,0,4,4,0,2,1780000
90,2,1,4,1,0,1,2,3,0,100,0,3,3,0,4,2900000
170,10,4,4,1,2,1,1,3,0,190,7,4,3,0,4,4500000
65,1,1,1,0,2,1,1 ,3,0,584,0,1,1,0,5,1700000
60,2,0,0,2,2,0,1,3,0,75,5,3,2,0,9,750000
180,13,4,4,2,2,1,2 ,3,0,210,1,4,1,0,9,2975000
205,13,3,4,1,2,1,2 ,3,0,230,8,3,1,0,9,3120000
95,2,-1,4,1,2,1,1,3,0,105,2,3,1,0,11,975000
116,6,1,8,1,2,1,2 ,3,0,165,0,2,4,0,9,2570000
110,2,3,4,1,2,0,1 ,3,0,120,8,5,4,0,6,2750000
86,2,4,4,1,2,1,1,3,0,96,5,6,4,1,0,1750000
170,6,2,4,1,2,0,1,3,0,175,2,5,3,0,4,2450000
80,2,2,1,0,2,0,1,2,0,85,5,5,3,1,0,2850000
135,6,3,4,2,2,1,1 ,3,0,150,3,6,1,0,4,2250000
125,6,1,4,1,2,1,1 ,3,0,135,8,3,1,0,12,1400000
135,6,3,4,1,2,0,2 ,3,0,166,0,6,4,0,9,2850000
140,2,4,8,1,2,1,2 ,3,0,160,0,5,1,0,4,4900000
120,6,10,8,2,2,1,2 ,3,0,145,0,10,4,0,6,2500000
138,6,2,4,1,2,0,2 ,3,0,150,8,5,4,0,6,2050000
125,6,1,4,1,2,1,2 ,3,0,140,1,3,4,0,4,3100000
130,6,3,4,1,2,1,1,2,0,140,5,5,3,0,9,1390000
105,2,2,4,1,2,1,1,3,0,115,5,4,3,0,11,1350000
135,6,3,4,1,2,1,1,3,0,140,5,5,4,0,9,1390000
130,6,3,4,1,2,1,1,2,0,150,5,4,3,0,9,2250000
130,6,3,4,1,2,1,1,2,0,150,5,4,3,0,9,2250000
130,6,1,4,1,2,0,1,3,0,140,5,6,1,0,11,2100000
145,6,3,4,1,2,0,1,3,0,175,5,5,4,0,9,3600000
90,2,5,4,2,2,1,1 ,3,0,105,5,5,4,1,9,1300000
120,6,5,5,1,2,0,2 ,3,0,150,7,6,1,0,6,2700000
149,6,1,2,1,2,1,2 ,3,0,155,6,6,1,0,2,1590000
82,0,9,5,1,2,1,1 ,3,0,90,8,20,1,1,9,2700000
65,2,2,4,1,2,1,1,3,0,70,8,5,3,0,11,1350000
140,6,1,4,1,2,0,2,3,0,156,2,4,4,0,4,3500000
85,2,1,4,1,2,1,2,3,0,90,8,5,4,0,4,1595000
95,2,-1,4,1,2,1,1,3,0,105,2,3,1,0,11,975000
55,2,1,4,1,2,1,1,3,0,71,5,5,4,0,4,1100000
60,2,4,6,1,2,1,1,3,0,90,5,4,3,1,11,1400000
50,2,3,4,1,2,1,1,3,0,60,8,5,3,1,6,1315000
130,6,4,4,1,2,1,1,3,0,150,3,4,3,0,6,2595000
130,6,2,4,1,2,1,2 ,3,0,145,7,6,1,0,9,3650000
65,2,1,4,1,2,1,1 ,3,0,70,8,5,1,0,6,1300000
110,6,2,4,1,2,1,1 ,3,0,120,5,5,4,0,9,1285000
100,2,4,4,1,2,1,1 ,3,0,110,8,4,1,1,6,1280000
85,2,-2,6,1,2,1,1 ,3,0,86,5,9,1,0,11,985000
90,2,4,0,1,2,1,1 ,3,0,100,5,4,4,0,11,1990000
85,2,3,5,1,2,0,1 ,3,0,100,7,4,1,0,6,2150000
140,6,2,4,1,2,1,1 ,3,0,165,5,4,4,0,9,1965000
135,6,3,2,1,2,1,1,2,0,150,8,3,3,0,1,2500000
110,2,4,8,1,2,1,1 ,3,0,127,0,5,1,0,6,2495000
49,0,2,6,1,2,0,1 ,3,0,58,8,6,1,1,6,1150000
70,2,2,8,1,2,1,1 ,3,0,77,0,6,1,1,6,1675000
76,6,1,4,1,2,0,1 ,3,0,80,4,6,1,1,6,1480000
60,0,3,8,1,2,0,1 ,3,0,67,0,6,1,1,6,1800000
90,2,1,4,2,2,1,1 ,3,0,95,5,4,1,0,9,729000
130,6,1,4,1,0,1,1,3,0,145,0,4,3,0,6,2350000
90,2,2,4,1,2,1,1,2,0,95,5,5,4,0,9,1450000
150,6,0,4,1,2,1,2 ,3,0,165,0,11,4,0,6,3500000
220,10,6,4,1,2,1,2 ,3,0,286,7,6,1,1,9,4300000
50,2,3,4,1,2,0,1 ,3,0,65,7,5,1,1,6,1499000
60,2,3,4,1,2,0,1 ,3,0,70,7,6,1,1,6,1699000
150,6,4,4,1,2,1,1 ,3,0,157,5,5,5,0,12,1650000
95,2,-1,4,1,2,1,1,3,0,105,2,3,1,0,11,975000
135,6,1,4,1,2,1,2 ,3,0,140,0,4,4,0,12,1950000
90,2,2,4,1,2,1,1 ,3,0,100,5,4,4,0,5,800000
135,6,4,4,2,2,1,2 ,3,0,145,8,4,4,0,2,1700000
50,0,3,4,1,2,0,1 ,3,0,60,8,4,1,1,6,1355000
85,2,0,4,2,2,0,1 ,3,0,95,5,6,4,0,11,1365000
120,6,3,4,1,2,1,1 ,3,0,160,0,6,4,0,11,2600000
130,6,1,4,1,2,0,2 ,3,0,145,8,7,1,0,11,3500000
156,6,2,8,1,2,1,3 ,3,0,232,0,2,4,0,9,3775000
81,2,2,4,2,2,1,1 ,3,0,118,4,3,1,0,6,2350000
100,6,5,4,1,2,0,1 ,3,0,125,5,5,1,0,6,2600000
90,6,1,4,1,2,0,1 ,3,0,110,6,6,4,0,4,2200000
120,2,3,4,1,2,1,1 ,3,0,130,6,4,4,0,4,2595000
118,2,5,8,1,2,1,2 ,3,0,150,0,5,4,0,9,2800000
125,6,3,8,2,2,0,2 ,3,0,138,0,13,1,0,6,4650000
125,6,1,4,1,2,1,2 ,3,0,140,1,3,4,0,4,2750000
180,10,3,4,1,2,1,3 ,3,0,220,8,3,1,0,6,3750000
90,2,2,5,1,2,1,1 ,3,0,115,8,4,1,0,6,1850000
105,2,2,8,1,2,1,2 ,3,0,115,0,3,4,0,6,2600000
135,6,4,4,1,2,0,1,3,0,140,5,4,1,0,9,2400000
100,6,2,4,1,2,1,1,3,0,110,8,3,1,0,7,2100000
85,2,1,4,1,2,0,1,3,0,90,0,5,1,0,7,1750000
105,2,0,6,1,2,1,1 ,3,0,110,2,3,1,0,8,1600000
150,6,3,4,1,2,1,1,3,0,165,2,3,3,0,1,2500000
65,2,4,4,1,2,1,1 ,3,0,75,7,5,1,1,6,1680088
85,2,1,4,1,2,1,1,3,0,90,5,5,4,0,9,1250000
95,2,-1,4,1,2,1,1,3,0,105,2,3,1,0,11,975000
100,6,1,4,1,2,1,1 ,3,0,120,5,5,4,0,9,1280000
130,2,3,4,1,2,1,1 ,3,0,140,5,4,4,0,9,1950000
85,2,-2,6,1,2,0,1,3,0,86,5,9,3,0,11,985000
90,2,2,8,1,2,0,2 ,3,0,110,0,6,4,0,6,2448000
138,6,14,8,1,2,0,2 ,3,0,169,1,18,1,0,6,4480000
95,2,1,4,1,2,1,1,3,0,110,5,5,3,0,11,1490000
50,2,4,4,1,2,0,1 ,3,0,65,6,5,1,1,6,1679000
55,0,1,4,1,2,0,1 ,3,0,65,4,5,1,1,6,1399000
70,2,2,4,1,2,1,1 ,3,0,85,8,4,1,1,6,1500000
80,2,1,4,1,2,1,1 ,3,0,90,8,3,1,0,1,1650000
80,2,2,4,1,2,1,1 ,3,0,90,1,3,1,0,1,2100000
70,2,1,0,0,2,1,1,3,0,80,5,3,1,0,4,4000000
95,2,5,4,0,2,1,1 ,3,0,100,5,5,1,0,8,1300000
120,6,1,4,0,2,1,1,3,0,130,5,4,1,0,9,3750000
85,2,5,4,1,2,1,1 ,3,0,90,5,5,1,0,9,1750000
90,2,4,0,1,2,1,1,3,0,100,5,4,4,0,11,1990000
115,6,3,4,1,2,1,1 ,3,0,120,5,4,1,0,11,1580000
210,13,2,4,1,2,1,2 ,3,0,230,4,3,1,0,9,2500000
100,2,1,8,1,2,1,2 ,3,0,127,0,4,1,0,6,2740000
75,2,2,4,1,2,0,1 ,3,0,80,3,5,1,1,0,2250000
125,6,4,4,1,2,0,1,3,0,135,5,4,3,0,9,2200000
80,0,1,4,0,2,1,1 ,3,0,85,8,5,1,0,8,1400000
138,6,1,4,1,2,0,1,3,0,150,5,8,4,0,0,2250000
130,6,3,4,1,0,1,1,3,0,143,8,3,4,0,0,1850000
95,2,-1,4,1,2,1,1,3,0,105,2,3,1,0,11,975000
125,6,4,4,2,2,1,1 ,3,0,130,5,5,1,0,12,1900000
130,6,3,4,1,2,0,2,3,0,150,8,9,3,0,6,2850000
90,2,2,6,1,2,1,1,3,0,95,5,8,5,0,11,1550000
90,2,2,6,1,2,1,1,3,0,95,5,8,5,0,11,1550000
160,13,3,4,1,2,1,3,3,1,165,8,3,3,0,12,3750000
110,6,1,4,1,2,1,1 ,3,0,120,3,5,1,0,4,2250000
125,6,3,4,1,2,1,1 ,3,0,150,3,5,1,0,4,2650000
120,6,3,4,1,2,1,1,3,0,130,5,4,1,0,11,2800000
160,6,1,4,1,2,0,2,2,0,162,3,3,3,0,6,3350000
140,6,1,4,1,2,0,1,2,0,145,8,4,3,0,6,2800000
120,6,3,4,1,2,1,2,3,0,135,7,4,3,0,6,2900000
80,2,2,4,1,2,1,1 ,3,0,85,0,4,4,0,0,3250000
90,2,4,4,1,2,1,1 ,3,0,100,3,4,1,0,6,2000000
55,2,3,4,1,2,1,1 ,3,0,60,7,6,1,1,6,1400000
160,10,4,4,1,2,0,3 ,3,0,202,1,4,1,0,9,3600000
125,8,2,8,1,2,1,1 ,3,0,140,0,2,4,0,11,2100000
120,2,8,4,2,2,0,1 ,3,0,130,5,10,1,0,11,1890000
95,2,1,4,1,2,1,1,3,0,105,5,4,4,0,0,910000
112,7,3,4,1,2,1,1 ,3,0,134,8,4,4,1,9,4000000
95,2,-1,4,1,2,1,1,3,0,105,2,3,1,0,11,975000
65,2,3,4,1,2,1,1,3,0,75,8,4,3,0,6,1490000
85,2,2,4,1,2,1,1 ,3,0,100,3,5,5,0,11,1490000
140,6,1,4,1,2,0,2 ,3,0,160,2,15,1,0,6,3050000
140,6,1,4,1,2,1,1 ,3,0,150,2,5,4,0,4,3500000
100,2,2,4,1,2,0,1 ,3,0,110,8,6,5,0,11,2490000
50,0,3,3,1,2,0,1,3,0,60,5,4,4,0,0,1500000
105,2,2,4,1,2,1,1,3,0,115,7,3,4,0,9,2180000
90,2,1,8,2,2,1,2 ,3,0,105,0,3,4,0,9,2395000
90,2,1,4,2,2,1,1,2,0,100,5,2,2,1,11,1850000
130,6,2,4,1,2,1,1 ,3,0,180,0,2,1,0,6,2800000
135,6,1,4,1,2,1,2 ,3,0,160,0,5,1,0,6,3850000
90,2,5,4,1,2,1,1 ,3,0,120,1,5,1,0,9,2780000
90,2,5,4,1,2,1,1 ,3,0,129,1,5,1,0,9,2780000
125,6,3,4,1,2,1,1 ,3,0,135,5,5,4,0,0,1350000
130,6,2,8,1,2,1,2,3,0,160,0,4,1,0,6,3450000
200,13,4,8,1,0,1,2,3,0,240,0,4,4,0,6,3750000
140,6,4,4,1,2,0,2,3,0,160,2,13,3,0,9,3525000
120,6,3,4,2,2,1,1 ,3,0,130,5,5,4,0,9,1475000
120,6,2,4,1,2,1,2,3,0,150,5,3,3,0,6,2550000
85,2,0,4,1,2,1,1 ,3,0,90,8,3,1,0,9,1550000
90,2,1,4,1,2,1,1,1,0,95,7,4,1,0,9,1550000
95,2,-1,4,1,2,1,1,3,0,105,2,3,1,0,11,975000
90,2,4,8,1,2,0,1 ,3,0,110,0,5,1,0,6,2680000
90,2,4,4,1,2,1,1,3,0,96,5,5,4,0,11,1440000
90,2,2,5,1,2,1,1,1,0,115,7,4,3,0,6,2000000
90,6,1,4,1,2,1,1,3,0,110,8,3,4,0,0,1490000
145,6,7,4,1,2,1,1,3,0,155,5,10,3,0,0,1590000
135,8,3,4,1,2,0,1 ,3,0,170,8,4,1,0,9,3800000
240,10,4,4,1,0,1,1,3,0,260,8,4,3,0,9,3950000
85,6,1,4,2,2,1,1 ,3,0,100,0,5,1,0,6,2750000
70,0,13,8,1,2,0,2 ,3,0,85,8,13,5,0,6,3500000
240,13,4,4,1,2,1,4 ,3,0,300,8,4,1,0,6,4200000
55,0,2,4,1,2,1,1 ,3,0,65,8,4,1,0,6,1150000
100,2,4,4,1,2,1,1,3,0,110,5,4,4,0,0,900000
140,6,4,4,1,2,1,1 ,3,0,150,5,4,4,1,0,1280000
130,6,1,8,1,2,1,1,3,0,140,2,5,3,0,6,3499000
120,6,1,4,1,2,0,1,3,0,145,8,5,3,0,6,3350000
105,6,0,4,2,2,1,1 ,3,0,125,0,4,1,0,4,3000000
130,6,3,4,1,2,1,1 ,3,0,140,5,5,1,0,12,2250000
115,2,2,4,1,0,1,2,3,0,120,0,3,3,0,5,2100000
120,6,2,4,1,2,1,1 ,3,0,140,7,4,4,0,9,1950000
200,11,4,4,1,2,1,2 ,3,0,280,3,5,1,0,6,3250000
75,2,1,4,1,2,0,1 ,3,0,85,8,4,1,1,6,1260000
137,6,4,4,1,2,0,2 ,3,0,150,8,5,1,0,6,2525000
125,6,3,3,1,2,1,1 ,3,0,130,5,5,4,0,4,2350000
160,6,3,4,1,2,1,2 ,3,0,185,6,3,4,0,0,2345000
95,2,-1,4,1,2,1,1,3,0,105,2,3,1,0,11,975000
135,6,2,4,1,2,1,2 ,3,0,155,0,3,4,0,0,4950000
240,13,4,4,1,2,1,2,3,1,300,8,4,3,0,1,3000000
115,6,4,4,1,2,0,2 ,3,0,145,8,5,1,1,11,3600000
100,4,5,0,1,2,1,1 ,3,0,120,5,5,1,0,11,1299000
120,6,5,4,1,2,0,1 ,3,0,130,5,5,4,0,6,2199000
150,10,3,4,1,2,1,2,3,0,160,8,4,1,0,5,1650000
230,13,3,4,1,2,1,2,3,0,245,8,3,1,0,5,2300000
90,4,4,4,1,2,1,1 ,3,0,100,5,4,4,0,11,1175000
60,2,1,4,0,2,1,1,0,0,65,5,4,4,1,0,1000000
133,6,3,4,1,0,0,1,3,0,170,0,5,3,0,0,2850000
150,2,5,1,1,2,0,1,3,0,160,5,5,1,0,0,2850000
120,6,1,6,1,2,0,1,3,0,130,3,5,4,0,6,3000000
82,2,1,1,1,2,1,2,3,0,192,3,2,0,0,0,4000000
128,6,6,6,1,2,0,1,3,0,148,2,6,1,1,11,3570000
126,13,3,4,1,2,1,2 ,3,0,172,0,3,4,0,12,2350000
83,2,-1,8,1,0,1,1,3,0,90,1,3,4,0,4,1140000
70,2,1,4,1,2,1,1,3,0,80,5,5,4,0,4,1525000
85,2,1,4,1,2,1,1 ,3,0,100,8,3,1,0,9,1650000
65,2,1,4,1,2,0,1 ,3,0,100,0,5,4,1,6,2450000
70,2,4,8,1,2,0,1 ,3,0,105,0,5,1,1,6,2125000
70,2,6,4,1,2,0,1 ,3,0,75,4,6,1,1,6,1720000
95,2,1,7,1,2,1,1 ,3,0,104,5,4,4,0,2,1200000
111,6,4,8,2,2,0,2 ,3,0,130,0,9,4,0,6,2425000
95,2,-1,4,1,2,1,1,3,0,105,2,3,1,0,11,975000
90,2,5,4,2,2,1,1,3,0,100,5,5,3,0,4,1550000
85,2,2,4,1,2,1,1,3,0,95,8,4,3,0,9,1750000
108,2,4,8,2,2,0,1 ,3,0,129,0,6,4,0,6,2650000
135,6,2,4,1,2,1,1 ,3,0,145,5,4,1,0,11,1375000
140,6,3,4,1,2,1,2,1,0,147,4,3,1,0,9,2850000
150,13,2,4,1,2,1,2,3,1,170,2,2,1,0,12,3800000
106,2,4,8,1,2,0,2 ,3,0,138,0,5,1,0,6,2990000
106,2,4,8,1,2,0,2 ,3,0,138,0,5,1,0,6,2990000
110,6,2,4,1,2,1,2,3,0,135,7,4,3,0,6,3480000
130,6,2,4,1,2,1,1,3,0,145,3,3,3,0,0,860000
160,6,2,4,1,2,1,2 ,3,0,175,8,2,1,0,6,3200000
75,2,2,1,1,2,1,1,3,0,90,5,5,1,0,4,1810000
175,10,7,4,1,2,1,2 ,3,0,200,1,7,4,0,6,4650000
90,2,4,4,1,2,0,1 ,3,0,100,8,4,1,0,5,1150000
80,2,4,4,2,2,1,1 ,3,0,95,5,5,4,0,9,2100000
90,2,1,4,2,2,1,1 ,3,0,110,5,6,4,0,11,1600000
105,2,3,4,1,2,1,1 ,3,0,120,3,4,1,0,9,2200000
135,8,4,4,1,2,1,2 ,3,0,147,7,5,1,0,6,3370000
200,10,3,4,1,2,1,2 ,3,0,220,8,3,1,0,3,2795000
95,2,-1,4,1,2,1,1,3,0,105,2,3,1,0,11,975000
60,2,3,4,1,2,1,1 ,3,0,75,8,4,1,1,6,1359000
50,2,5,8,2,2,0,1 ,3,0,60,0,6,1,1,6,1799000
65,0,1,4,1,2,1,1,2,0,75,3,5,1,1,6,1180000
95,6,0,4,2,2,1,1,3,0,105,5,5,4,0,11,1250000
35,15,1,5,1,2,0,1 ,3,0,40,8,5,1,1,6,1059000
70,0,2,4,1,2,1,1,3,0,80,5,5,2,0,11,950000
58,2,5,8,1,2,1,1 ,3,0,88,0,6,4,1,6,2150000
58,2,5,8,1,2,1,1 ,3,0,88,0,6,4,1,6,2150000
65,0,6,5,1,2,0,1 ,3,0,80,8,9,1,0,6,2945000
95,2,3,4,1,2,1,1,3,0,105,3,5,4,0,9,1775000
120,6,3,4,1,2,0,1,3,0,135,8,3,1,0,0,1930000
110,2,3,4,1,2,0,1,2,0,115,8,3,3,1,12,3150000
100,2,4,4,1,2,0,1,3,0,120,7,4,4,0,0,900000
120,6,4,0,0,2,1,1,3,0,130,3,4,1,0,5,730000
85,2,0,0,0,2,1,1,3,0,90,3,5,1,0,9,1200000
115,6,3,4,0,2,1,1,3,0,125,5,4,4,1,0,750000
147,6,4,0,0,2,1,2,3,0,150,1,4,1,0,5,1850000
240,13,4,0,0,2,1,4 ,3,0,250,1,4,1,0,5,2750000
96,2,2,4,1,2,1,1 ,3,0,105,0,4,4,0,12,2750000
120,6,1,8,1,2,1,1 ,3,0,135,0,3,4,0,9,3100000
150,10,2,8,1,2,1,2 ,3,0,207,0,3,4,0,9,3040000
130,6,5,8,1,2,0,2 ,3,0,155,8,7,1,0,9,3560000
100,6,0,8,1,2,1,1 ,3,0,130,0,5,4,0,9,2170000
95,2,-1,4,1,2,1,1,3,0,105,2,3,1,0,11,975000
35,0,1,8,1,2,1,1 ,3,0,40,0,5,4,0,6,1150000
90,2,1,4,1,2,0,2 ,3,0,136,0,3,4,0,0,3000000
140,6,2,4,1,0,1,2 ,3,0,160,0,5,1,0,12,3050000
90,4,0,0,2,2,1,1 ,3,0,100,5,3,1,0,9,1250000
120,6,6,8,1,2,1,2 ,3,0,130,6,13,1,0,9,3990000
130,6,1,4,1,2,0,2 ,3,0,150,3,4,4,0,6,2600000
70,2,2,4,2,2,0,1 ,3,0,90,8,6,1,1,6,1450000
135,6,1,4,1,0,1,2 ,3,0,140,0,6,4,0,6,2650000
55,2,3,4,1,2,1,1 ,3,0,60,4,5,1,1,6,1450000
60,0,2,4,1,2,1,1 ,3,0,65,8,5,1,0,9,2200000
140,6,4,8,1,2,1,2 ,3,0,180,0,4,1,0,6,3250000
85,2,0,4,1,2,1,1,3,0,90,8,3,3,0,9,1550000
80,0,3,4,1,2,1,1,3,0,85,5,6,1,0,9,1575000
135,6,2,8,1,2,1,2 ,3,0,145,0,3,4,0,6,3100000
125,6,4,4,1,2,0,1,3,0,140,8,5,3,0,11,3650000
100,2,6,0,2,2,1,1,3,0,110,5,7,2,0,9,1500000
105,6,3,4,1,2,1,1 ,3,0,110,3,5,1,0,3,1800000
54,2,1,4,1,2,0,1 ,3,0,75,8,4,1,1,6,1495000
75,2,3,4,1,2,0,1,3,0,85,5,6,1,0,11,1450000
95,2,4,4,1,2,1,1,3,0,105,5,5,1,0,9,1350000
140,6,1,4,1,2,0,2,3,0,155,8,4,4,1,6,3750000
190,13,3,4,1,2,1,2,3,0,240,7,3,1,0,0,2250000
110,6,0,4,1,2,1,1,3,0,120,3,4,4,1,0,1000000
100,2,2,4,0,2,1,1 ,3,0,105,5,5,1,0,8,1300000
58,0,1,4,1,2,1,1,3,0,68,8,4,1,1,6,1225000
95,2,-1,4,1,2,1,1,3,0,105,2,3,1,0,11,975000
85,0,1,4,1,2,1,1,3,0,90,3,4,4,1,0,1275000
120,6,5,4,1,2,0,1 ,3,0,150,5,5,1,0,6,3000000
90,2,5,4,1,2,1,1,3,0,95,3,5,4,1,0,1100000
80,2,4,4,1,2,0,1,3,0,95,5,5,4,0,11,1475000
121,6,4,8,1,0,0,2,3,0,180,0,5,3,0,6,3950000
115,6,14,4,2,2,0,2 ,3,0,130,7,14,1,0,9,2900000
139,4,11,4,1,2,0,2 ,3,0,167,7,15,1,0,9,3200000
174,4,14,4,1,2,0,2 ,3,0,208,7,14,1,1,9,3750000
115,6,5,4,1,2,1,1 ,3,0,140,5,5,1,0,6,2250000
148,6,1,8,1,2,0,2 ,3,0,210,1,6,1,0,6,2999000
128,8,11,4,1,2,0,2 ,3,0,154,7,15,1,1,9,3650000
62,0,6,4,1,2,0,1 ,3,2,75,7,15,1,0,9,2450000
113,2,3,4,1,2,0,2 ,3,0,136,7,15,1,0,9,2925000
157,8,1,4,1,2,0,2 ,3,0,189,7,15,1,0,9,3675000
157,8,8,4,1,2,0,2 ,3,0,189,7,14,1,0,9,4200000
157,8,8,4,1,2,0,2 ,3,0,189,7,15,1,0,9,4250000
200,8,1,4,1,2,0,2 ,3,0,225,8,6,1,0,9,3650000
135,6,1,4,1,2,0,2 ,3,0,160,2,7,1,0,6,4750000
60,0,2,1,1,2,1,1 ,3,0,65,5,5,4,0,9,1575000
85,2,0,4,1,2,1,1 ,3,0,90,2,4,4,0,11,1575000
130,6,2,8,1,2,1,1 ,3,0,145,0,3,4,0,9,2550000
95,2,-1,4,1,2,1,1,3,0,105,2,3,1,0,11,975000
140,6,4,4,1,2,1,1 ,3,0,150,5,7,4,0,9,1850000
75,2,1,4,1,2,1,1 ,3,0,80,4,4,4,1,0,2000000
55,0,5,7,1,2,1,1 ,3,0,60,5,5,4,0,0,1450000
80,2,4,0,1,2,1,1 ,3,0,85,5,4,4,1,0,1650000
65,2,2,0,2,2,1,1 ,3,0,75,3,4,1,0,11,630000
60,2,4,3,1,2,1,1,3,0,65,5,5,4,0,0,1550000
85,2,2,3,1,2,1,1,3,0,90,5,4,3,1,0,2350000
125,6,1,8,1,2,1,2 ,3,0,145,1,5,1,0,6,3100000
100,6,1,4,1,2,1,1,3,0,110,3,4,4,1,0,1100000
100,6,1,4,1,2,1,1,3,0,110,3,4,4,1,0,1100000
52,2,2,4,1,2,1,1 ,3,0,89,0,5,4,1,6,2350000
47,2,1,4,1,2,0,1 ,3,0,79,0,5,4,1,6,2150000
145,2,3,4,1,2,1,2 ,3,0,160,8,3,4,0,0,1780000
35,15,1,5,1,2,0,1 ,3,0,40,8,4,1,1,6,1075000
55,2,2,4,1,2,1,1 ,3,0,60,4,6,1,1,6,1580000
85,0,2,4,1,2,1,1,1,0,86,3,3,4,1,6,1423000
45,2,0,4,1,2,1,1 ,3,0,60,8,5,1,1,6,1299000
110,2,5,4,1,2,1,1,3,0,120,5,5,4,0,0,1400000
110,2,4,8,1,0,1,1,3,0,115,0,5,1,0,12,1975000
78,2,3,8,1,2,1,1 ,3,0,105,0,6,4,0,11,2089000
136,6,5,8,1,2,0,2 ,3,0,145,1,5,4,0,6,3475000
115,6,1,5,1,2,1,2 ,3,0,135,8,5,1,0,9,2750000
147,10,1,4,1,2,1,1 ,3,0,148,7,4,1,0,3,2250000
131,8,1,8,1,2,0,2 ,3,0,166,0,5,4,0,6,2695000
70,2,3,4,2,2,0,1 ,3,0,90,8,6,4,1,6,1600000
95,2,-1,4,1,2,1,1,3,0,105,2,3,1,0,11,975000
151,10,1,4,1,2,0,2 ,3,0,183,7,3,1,0,6,3850000
125,6,2,4,1,2,1,2 ,3,0,160,7,2,1,0,9,2350000
153,6,4,4,2,2,1,2 ,3,0,193,0,4,4,0,4,3950000
205,12,3,8,1,2,1,2 ,3,0,240,6,3,4,0,4,4850000
80,2,4,4,1,2,1,1 ,3,0,90,5,4,4,0,11,1250000
100,2,1,7,1,2,1,1,3,0,130,5,4,1,0,5,850000
128,6,2,4,1,0,1,1,3,0,140,0,5,4,0,9,3450000
90,2,2,4,1,2,1,1,3,0,100,3,5,1,0,11,1810000
110,6,1,4,1,2,1,1 ,3,0,125,5,5,1,0,0,1150000
120,6,1,7,1,2,1,1,3,0,135,5,5,1,0,0,1330000
135,6,2,4,1,2,1,1,3,0,150,3,11,1,0,0,1760000
135,6,1,4,1,2,1,1,3,0,150,3,11,1,0,0,1880000
100,6,2,8,1,2,0,2 ,3,0,120,7,4,1,0,6,2890000
100,6,2,8,1,2,0,2 ,3,0,120,7,4,1,0,6,2890000
115,2,3,4,1,2,1,2 ,3,0,130,2,3,1,0,1,2000000
40,0,2,5,1,2,1,1 ,3,0,45,8,5,1,1,6,1100000
135,6,1,8,1,2,1,2 ,3,0,175,0,4,4,0,6,4750000
85,2,-1,4,1,2,1,1 ,3,0,93,5,5,4,0,11,1085000
95,2,-1,4,1,2,1,1,3,0,105,2,3,1,0,11,975000
110,10,4,4,1,2,1,1 ,3,0,125,5,4,1,0,9,2500000
135,6,2,8,1,2,0,2 ,3,0,180,1,3,4,0,4,4650000
132,6,10,8,1,2,0,2 ,3,0,160,4,10,1,1,6,4750000
140,6,3,5,2,2,0,2 ,3,0,180,2,15,1,0,9,3250000
82,2,1,4,2,2,0,1 ,3,0,95,8,8,4,0,6,2290000
160,6,3,4,1,2,1,2 ,3,0,168,2,5,4,0,11,2350000
160,6,3,4,1,2,0,2,3,1,184,0,3,1,0,0,2600000
95,2,3,8,1,2,0,1 ,3,0,135,0,6,1,0,6,2390000
117,6,10,4,2,2,0,2 ,3,0,130,0,13,4,0,9,2750000
75,2,2,8,1,2,1,1 ,3,0,80,0,3,4,0,12,1650000
130,6,1,0,0,2,1,1,3,0,135,8,1,2,0,9,1750000
145,10,2,4,1,2,1,1,3,0,156,5,4,1,0,9,1400000
128,6,5,4,1,2,1,2 ,3,0,155,0,5,4,0,6,3500000
128,6,2,4,1,2,1,2 ,3,0,155,0,5,4,0,6,4000000
125,6,1,8,1,2,1,2 ,3,0,135,0,5,4,0,6,4750000
70,0,1,5,1,2,1,1 ,3,2,90,0,10,4,0,6,3250000
160,10,1,4,1,2,1,2,2,0,190,8,5,4,0,0,1720000
141,6,4,4,1,2,1,1,3,0,155,5,4,4,0,0,1100000
95,2,-1,4,1,2,1,1,3,0,105,2,3,1,0,11,975000
100,2,1,4,1,2,1,1,3,0,110,7,7,4,0,0,1650000
120,6,3,4,1,2,0,1,3,0,140,5,5,3,0,11,2250000
125,6,1,8,1,2,0,2,3,0,130,8,5,1,0,4,3375000
135,6,1,4,1,2,1,2,3,0,145,7,5,1,0,0,3700000
125,6,1,4,1,2,1,1 ,3,0,150,2,5,1,0,11,2350000
100,2,3,4,0,2,1,1,3,0,115,1,3,1,0,12,1750000
135,6,7,4,1,2,0,2,3,0,145,5,9,4,0,0,1800000
55,2,3,4,1,2,1,1,3,0,65,4,5,1,0,6,1450000
115,6,3,4,1,2,1,1,3,0,125,5,4,4,0,0,1050000
75,2,1,4,0,2,1,1,3,0,85,1,3,3,0,12,1350000
35,0,3,5,1,2,1,1,0,0,40,8,6,3,1,6,1165000
125,6,5,4,1,0,1,2,3,0,145,0,7,3,0,6,4900000
135,6,4,4,1,2,0,2 ,3,0,140,7,10,1,0,11,3350000
80,2,1,4,2,2,1,1 ,3,0,90,8,6,1,0,11,1700000
110,6,0,4,1,2,1,1 ,3,0,130,5,4,1,0,9,1425000
119,6,3,4,1,2,1,1 ,3,0,120,5,6,1,0,11,1630000
120,6,6,4,1,2,1,1 ,3,0,140,3,7,4,0,8,1600000
90,2,3,7,1,2,1,1 ,3,0,95,3,4,4,0,0,1970000
110,6,2,4,1,2,1,1,3,0,130,3,5,4,0,4,2050000
95,2,-1,4,1,2,1,1,3,0,105,2,3,1,0,11,975000
90,2,1,4,1,2,1,1,3,0,100,3,3,3,0,6,2000000
115,6,4,4,1,2,0,1,3,0,125,3,4,1,0,6,3000000
100,6,3,8,1,2,1,2,3,0,105,0,4,1,0,5,1850000
110,6,3,4,1,2,1,1,3,0,130,3,5,4,0,6,1950000
65,2,1,8,1,2,0,2 ,3,0,85,0,5,1,1,6,2100000
72,0,4,8,1,2,1,2 ,3,0,92,0,4,1,0,6,1575000
100,2,8,4,1,2,0,1 ,3,0,110,8,8,1,0,6,2100000
120,6,2,8,1,2,1,2 ,3,0,145,0,5,1,0,6,3250000
85,2,3,4,0,0,1,1,3,0,110,0,5,3,0,6,2250000
96,6,2,4,1,2,0,2 ,3,0,125,8,4,1,0,3,2950000
130,6,1,4,1,2,1,2 ,3,0,135,0,4,1,0,5,1650000
85,2,5,4,1,2,1,1,3,0,90,5,5,1,0,11,1650000
145,6,3,1,1,2,1,1 ,3,0,160,5,5,4,0,4,2500000
130,6,-2,4,1,2,1,1 ,3,0,140,1,4,1,0,2,1750000
65,2,2,4,1,2,0,1,3,0,75,8,5,3,1,6,1249000
65,2,2,4,1,2,0,1,3,0,75,8,5,3,1,6,1249000
100,2,-1,4,1,2,1,1,1,0,110,8,4,1,0,3,1375000
180,6,3,4,0,2,1,2,3,0,195,8,3,1,1,12,2790000
95,2,1,4,1,2,1,1 ,3,0,100,8,4,1,0,8,1550000
120,6,2,4,1,2,0,1,1,0,140,5,5,1,0,0,3100000
110,6,2,4,1,2,1,1,3,0,120,5,4,4,0,11,1450000
80,2,3,4,1,2,1,1,3,0,90,5,4,1,0,0,1600000
95,2,-1,4,1,2,1,1,3,0,105,2,3,1,0,11,975000
85,2,2,4,1,2,1,1 ,3,0,125,1,3,1,1,6,1650000
55,2,5,4,1,2,0,1 ,3,0,65,6,7,1,1,6,1789000
70,2,5,6,2,2,0,1 ,3,0,90,5,8,4,0,9,2825000
111,6,1,4,2,1,1,2,3,0,143,0,9,4,0,6,2900000
90,2,5,4,1,2,1,1,3,0,100,5,5,4,0,9,1250000
135,6,3,4,1,2,1,2 ,3,0,140,5,4,4,0,12,1725000
130,6,2,4,1,2,1,1 ,3,0,145,8,3,4,0,12,2330000
80,0,2,4,1,2,0,1 ,3,0,100,8,5,1,1,6,1450000
70,2,5,4,1,2,0,1 ,3,0,75,4,6,1,1,6,1759000
90,2,1,4,1,2,1,1 ,3,0,100,5,5,4,0,11,1400000
156,6,1,8,1,2,1,2 ,3,0,175,0,5,4,0,6,4000000
96,2,2,4,1,2,1,2,3,0,100,5,5,1,0,0,865000
110,6,1,4,2,2,0,2 ,3,0,130,0,10,4,0,9,2150000
150,6,5,8,1,2,1,3 ,3,0,184,0,5,4,0,9,3620000
85,2,4,4,1,2,0,1,3,0,95,7,5,4,0,4,3050000
140,6,2,4,1,2,1,1,3,0,150,5,4,1,0,5,1500000
80,2,3,4,1,2,1,1 ,3,0,90,5,3,4,0,0,790000
122,6,1,4,1,1,1,2,2,0,160,0,8,3,0,11,3400000
95,10,1,4,1,2,1,1 ,3,0,110,5,5,1,0,11,1500000
89,2,1,4,1,2,1,1,3,0,98,8,3,1,0,1,2400000
45,0,1,4,1,2,1,1,3,0,50,2,5,3,0,6,1500000
190,13,3,4,1,2,1,2 ,3,0,210,0,3,1,0,8,3000000
100,6,3,4,0,2,1,2,3,0,130,8,6,3,0,4,3250000
110,6,2,4,1,2,1,1,3,0,120,5,5,3,0,9,2250000
165,6,2,8,1,0,1,2,3,0,205,0,2,3,0,4,4800000
149,10,1,4,1,2,1,2 ,3,0,175,8,6,1,0,4,4250000
95,2,-1,4,1,2,1,1,3,0,105,2,3,1,0,11,975000
175,6,3,4,1,2,0,2 ,3,0,200,8,5,1,0,6,3450000
50,0,1,0,1,2,1,1,3,0,55,5,4,4,0,11,738000
120,6,4,4,1,2,1,1 ,3,0,130,5,4,1,0,5,975000
85,2,1,4,1,2,1,1,3,0,90,0,4,1,0,10,2200000
90,6,1,4,0,2,1,1,3,0,194,2,3,1,0,9,4000000
70,2,4,4,1,2,1,1 ,3,0,90,5,5,4,0,11,1275000
40,2,5,4,1,2,1,1 ,3,0,68,0,5,1,1,6,1925000
80,2,3,4,1,2,1,1 ,3,0,90,0,3,1,0,12,1650000
72,2,2,4,2,2,1,1 ,3,0,100,0,3,4,0,12,2250000
80,2,5,4,1,2,1,1,3,0,85,5,5,1,0,4,2750000
125,6,1,8,1,2,0,2 ,3,0,145,1,5,1,0,6,2850000
120,6,3,4,1,2,1,1 ,3,0,140,2,5,1,0,6,2250000
130,6,4,4,1,2,0,2 ,3,0,160,7,7,1,1,6,2850000
77,2,4,4,0,2,1,1,1,0,85,5,4,4,0,0,1200000
140,6,2,8,1,2,1,2 ,3,0,170,0,5,1,0,6,3355000
110,6,3,4,1,2,1,1,3,0,112,5,4,1,0,5,1050000
85,2,0,7,0,2,1,1,3,0,100,5,5,1,0,8,900000
75,2,4,4,1,2,0,1 ,3,0,90,8,4,1,0,6,1689000
75,2,1,4,1,2,1,1 ,3,0,95,5,3,4,1,4,1550000
70,2,2,4,1,2,1,1 ,3,0,80,0,5,4,0,4,2500000
120,6,4,5,1,2,1,1 ,3,0,130,0,7,4,0,11,2650000
95,2,-1,4,1,2,1,1,3,0,105,2,3,1,0,11,975000
120,6,5,4,1,2,0,2 ,3,0,135,0,8,4,0,11,2850000
95,2,1,0,1,2,1,1 ,3,0,110,3,1,5,0,11,1750000
170,10,4,4,1,2,1,2 ,3,0,200,1,4,4,0,2,2100000
70,2,2,1,1,2,1,1 ,3,0,80,3,4,4,1,0,1375000
95,6,1,1,2,2,1,1,3,0,127,0,1,2,0,9,1900000
124,6,2,8,1,2,0,2 ,3,0,151,4,5,1,0,6,3550000
100,6,0,4,1,2,1,2 ,3,0,120,7,4,1,0,6,2385000
130,6,1,4,1,2,1,1 ,3,0,150,0,2,1,0,9,2675000
130,6,4,4,1,2,1,2 ,3,0,160,7,5,1,0,9,4150000
60,2,3,4,1,2,1,1 ,3,0,68,2,5,4,0,6,1370000
60,2,1,4,1,2,0,1 ,3,0,75,8,4,1,1,6,1364000
135,6,4,4,1,2,0,2 ,3,0,166,1,5,1,0,6,4000000
70,2,3,8,1,2,0,1 ,3,0,100,0,5,1,1,6,2050000
120,6,1,4,2,2,0,2 ,3,0,135,8,4,1,0,3,2550000
127,6,3,4,1,2,1,1,3,0,177,8,3,3,0,9,2250000
80,2,2,3,1,2,0,1 ,3,0,90,5,5,4,1,0,2300000
75,2,2,4,1,2,1,1 ,3,0,85,8,4,1,0,9,1600000
100,6,2,4,1,2,1,1,3,0,136,0,4,1,0,9,2150000
140,6,1,4,2,2,0,1 ,3,0,160,6,6,1,1,9,3500000
75,2,3,0,1,2,1,1 ,3,0,80,3,4,4,1,9,1100000
128,5,2,4,2,2,1,1 ,3,0,140,5,7,1,0,11,2500000
200,10,4,4,2,2,1,2 ,3,0,210,0,4,1,0,9,2750000
205,11,7,4,1,2,1,2 ,3,0,230,2,7,4,0,6,4200000
85,2,4,4,1,2,1,1 ,3,0,95,5,4,4,0,9,1290000
95,2,-1,4,1,2,1,1,3,0,105,2,3,1,0,11,975000
130,6,3,4,1,2,1,2 ,3,0,155,0,6,1,0,6,2900000
90,2,2,4,1,2,1,1,3,0,102,4,3,1,0,12,1500000
160,13,3,4,1,2,1,1 ,3,0,190,0,3,4,0,12,2540000
120,6,5,8,1,2,1,2 ,3,0,135,6,6,4,0,4,4050000
85,2,2,0,1,2,1,1,3,0,100,5,4,1,0,9,1100000
100,2,2,4,1,2,1,1 ,3,0,110,5,4,1,0,3,1475000
65,2,5,4,1,2,1,1 ,3,0,70,8,5,4,1,6,949000
85,2,4,4,1,2,1,1,3,0,100,5,6,4,0,11,1650000
200,10,4,4,1,2,1,3,2,0,240,2,5,3,0,12,2490000
55,0,1,4,2,2,0,1 ,3,0,65,8,4,4,1,6,1335000
55,2,1,4,1,2,0,1 ,3,0,65,4,6,1,1,6,1575000
55,0,3,4,1,2,1,1 ,3,0,60,8,4,1,1,6,1330000
113,6,3,8,1,2,0,2 ,3,0,151,0,5,1,0,6,3200000
65,0,4,4,1,2,1,1 ,3,0,70,8,4,1,1,6,1330000
60,2,4,4,1,2,1,1 ,3,0,70,8,4,4,0,6,1350000
120,2,5,4,1,2,0,2 ,3,0,160,8,5,4,0,6,2450000
50,2,4,8,1,2,0,1 ,3,0,55,0,5,1,1,6,1699000
120,6,5,4,1,2,1,2 ,3,0,140,8,5,1,0,6,2450000
110,6,1,4,1,2,0,1 ,3,0,130,8,4,4,0,6,3000000
90,6,3,4,1,2,1,1 ,3,0,95,8,4,1,0,6,1485000
50,0,2,4,1,2,1,1 ,3,0,55,0,4,1,1,6,1350000
130,6,4,4,1,2,1,2 ,3,0,150,3,5,1,0,11,2700000
122,6,1,4,1,2,0,2 ,3,0,150,8,5,1,0,6,3730000
120,6,3,4,1,2,0,2 ,3,0,140,8,5,1,0,6,4400000
95,2,-1,4,1,2,1,1,3,0,105,2,3,1,0,11,975000
120,6,3,6,1,2,1,1,3,0,130,5,4,3,0,9,2950000
35,0,1,5,1,2,1,1,1,0,40,8,6,3,1,6,1180000
110,6,3,8,2,2,0,2 ,3,0,126,8,5,1,0,6,2650000
130,6,3,4,1,2,1,2 ,3,0,135,8,5,4,0,0,3800000
85,2,1,4,1,2,1,1,3,0,100,8,5,1,0,4,2500000
75,2,4,4,1,2,1,1,3,0,80,3,4,1,0,6,1749000
85,2,4,4,0,2,1,1 ,3,0,95,5,5,1,0,0,900000
135,6,-2,4,1,2,1,2 ,3,0,145,0,4,1,0,2,1900000
85,2,1,4,1,2,0,1 ,3,0,95,2,3,1,1,4,3150000
45,0,4,1,1,2,1,1 ,3,0,48,5,4,4,0,0,650000
160,10,3,4,1,0,1,1,3,1,180,0,3,3,0,6,3200000
110,6,1,4,1,2,1,1 ,3,0,125,6,3,1,0,1,2549900
140,6,2,4,1,2,1,1 ,3,0,162,8,2,1,0,1,2550000
180,10,4,4,2,2,1,2 ,3,0,220,8,4,1,0,11,3750000
110,2,3,4,1,2,0,1 ,3,0,120,5,4,1,0,11,2500000
110,2,1,8,1,2,0,2 ,3,0,125,6,8,1,0,6,3300000
105,2,2,4,2,2,1,1 ,3,0,120,3,6,1,0,6,2380000
85,2,1,0,1,2,0,1 ,3,0,95,3,5,1,0,11,1400000
115,2,3,4,1,2,1,1 ,3,0,130,7,4,1,0,11,2400000
65,2,1,4,2,2,1,1 ,3,0,75,0,4,4,0,11,1750000
75,2,2,8,1,2,1,1 ,3,0,105,6,4,4,0,6,2750000
95,2,-1,4,1,2,1,1,3,0,105,2,3,1,0,11,975000
70,2,2,4,1,2,1,1 ,3,0,85,5,5,0,0,11,850000
85,2,1,4,1,2,0,1 ,3,0,95,7,5,1,0,11,1575000
80,2,1,0,2,2,0,1 ,3,0,95,5,5,1,0,11,1350000
50,2,2,4,1,2,0,1 ,3,0,75,4,5,1,0,6,1590000
83,2,1,4,1,2,1,1,3,0,90,8,3,3,0,12,1580000
60,0,5,8,1,0,1,1,3,0,75,1,10,3,0,6,2425000
70,0,0,4,1,2,1,1 ,3,0,80,8,5,1,0,8,1220000
75,2,1,1,0,2,1,1 ,3,0,85,5,5,1,0,8,800000
123,6,1,4,1,0,1,2,3,0,155,0,11,1,0,6,4390000
130,6,4,4,1,0,1,1,3,1,140,0,4,3,0,6,2700000
75,2,1,7,0,2,1,1,3,0,80,5,4,1,0,12,830000
105,6,3,4,1,2,1,1,3,0,135,8,4,3,0,6,3250000
120,6,5,4,1,0,1,2,2,0,130,7,5,3,0,4,2450000
70,1,0,4,1,2,1,1 ,3,0,85,6,5,1,0,8,1300000
140,6,5,4,1,0,1,2,3,1,150,0,5,3,0,11,3050000
105,6,3,4,0,2,1,1,3,0,113,5,5,3,0,0,915000
100,2,4,4,1,2,1,1 ,3,0,105,5,5,4,0,0,900000
95,2,1,4,1,2,0,1,3,0,115,5,5,4,0,11,980000
115,2,1,6,1,2,1,2 ,3,0,135,5,5,4,0,11,2550000
116,6,1,8,2,2,1,2 ,3,0,144,0,5,1,0,12,4800000
125,6,1,4,1,2,0,1,3,0,135,2,13,3,0,11,2750000
150,6,6,4,1,2,1,2 ,3,0,155,5,6,1,0,11,2350000
95,2,-1,4,1,2,1,1,3,0,105,2,3,1,0,11,975000
225,14,3,4,1,2,0,2,3,0,256,8,3,3,0,1,4250000
170,6,3,8,1,2,1,1,3,0,185,0,3,4,0,11,2350000
122,2,2,4,2,2,1,2 ,3,0,132,0,4,1,0,2,2150000
107,2,4,4,1,2,1,1 ,3,0,120,5,4,1,0,9,1500000
87,2,2,4,1,2,1,1 ,3,0,100,8,4,1,0,6,3495000
130,6,1,4,1,2,0,2,3,0,147,2,6,3,0,11,2850000
110,6,2,4,1,2,1,1,3,0,120,8,5,3,0,11,1620000
110,6,4,4,1,2,1,1 ,3,0,130,8,4,4,0,6,1670000
40,0,3,4,1,2,1,1,3,0,55,2,5,3,1,6,1099000
148,10,4,5,1,2,1,2 ,3,0,168,5,6,1,0,9,2850000
125,6,2,4,1,2,1,2,3,0,140,5,4,4,0,0,1250000
120,6,2,4,1,2,1,1,3,0,130,5,5,3,0,0,1450000
125,2,4,4,1,2,1,2,1,1,150,7,4,3,0,11,2449000
90,2,1,4,1,2,0,1,3,0,100,8,5,3,0,6,2050000
110,2,3,6,1,2,1,1,3,0,120,5,5,4,0,11,1580000
140,8,6,4,1,0,1,2,3,0,170,0,6,4,0,6,2750000
180,6,5,4,1,2,1,2 ,3,0,200,0,6,1,0,6,4200000
140,6,5,4,1,2,1,3,3,0,180,0,6,1,0,6,3800000
115,6,-1,4,1,2,0,1,3,0,120,5,4,4,0,11,2100000
100,6,3,4,1,2,0,1 ,3,0,120,5,5,1,0,6,3250000
140,6,2,4,1,2,0,2,2,0,150,2,5,4,0,4,2750000
65,0,1,1,2,2,1,1 ,3,0,70,5,5,4,0,9,499000
108,2,-3,4,0,2,1,1,3,0,10892,5,3,1,0,11,35000
198,2,1,4,1,2,1,1,1,0,10898,5,3,5,0,11,3500000
115,2,-3,4,1,2,1,1 ,3,0,125,5,4,1,0,2,999000
135,6,3,4,1,2,0,1,3,0,160,3,3,1,0,6,3450000
95,2,-1,4,1,2,1,1,3,0,105,2,3,1,0,11,975000
85,2,1,4,1,2,1,1 ,3,0,90,6,5,1,0,0,1550000
150,6,9,4,1,2,1,1 ,3,0,155,5,10,1,0,0,1560000
50,0,2,4,1,0,1,1,3,0,55,0,4,1,0,5,1250000
100,2,2,4,1,2,1,1 ,3,0,105,0,3,1,1,12,1425000
245,10,3,4,1,2,1,2 ,3,0,260,8,3,1,0,12,3400000
129,2,2,4,1,2,1,1 ,3,0,130,5,4,1,0,2,1350000
45,0,2,4,1,2,0,1 ,3,0,55,8,5,1,0,6,1180000
160,11,2,4,2,2,1,1 ,3,0,190,5,4,5,0,9,2050000
130,6,4,4,1,2,0,2,2,0,140,8,8,3,0,9,3650000
105,2,3,8,1,2,1,2 ,3,0,115,0,5,4,0,6,3850000
136,6,3,5,1,2,1,2 ,3,0,145,0,5,4,0,6,4100000
120,6,4,4,1,2,1,1 ,3,0,140,3,9,1,0,11,3150000
120,6,1,5,1,2,0,2 ,3,0,140,8,6,1,0,11,3500000
188,10,5,8,1,2,0,3 ,3,0,225,0,5,4,0,6,3480000
55,0,2,4,1,2,0,1 ,3,0,82,0,3,4,0,0,2650000
240,10,1,7,2,2,1,1 ,1,0,242,5,2,1,0,5,800000
125,2,3,4,1,0,1,2,3,0,148,0,6,3,0,0,2500000
55,0,1,4,1,2,1,1,3,0,60,5,4,3,1,11,800000
80,2,1,4,0,2,1,1,1,0,90,5,4,4,1,0,1550000
95,2,-1,4,1,2,1,1,3,0,105,2,3,1,0,11,975000
140,6,2,4,1,2,0,1 ,3,0,160,2,5,1,0,6,3550000
115,6,0,4,1,2,1,1 ,3,0,120,4,4,1,0,8,1500000
54,0,3,8,1,0,1,1,3,0,62,0,7,3,0,6,3250000
85,2,4,8,1,0,1,2,3,0,98,0,7,3,0,6,4250000
70,0,1,5,1,2,0,1 ,3,0,90,0,10,4,0,6,3250000
118,13,5,4,1,2,1,2 ,3,0,156,0,5,1,0,11,3400000
120,2,4,4,1,2,1,1 ,3,0,135,6,4,5,0,3,2150000
135,6,2,8,1,2,0,2 ,3,0,150,7,6,1,0,6,3750000
160,6,3,4,1,2,0,2,3,0,180,8,4,3,0,6,3300000
117,6,1,4,1,2,0,2 ,3,0,137,4,14,1,0,9,3300000
132,10,2,4,1,2,1,2,2,0,160,4,2,3,0,11,2300000
140,6,1,4,1,2,1,2 ,3,0,160,8,15,1,0,9,2695000
85,2,5,4,1,2,1,1 ,3,0,95,5,5,4,0,4,2099000
94,2,6,8,1,0,1,2,3,0,139,0,6,3,0,6,2900000
100,6,4,4,2,2,1,1 ,3,0,110,3,5,4,0,4,2000000
125,6,3,4,1,2,1,2 ,3,0,140,8,3,1,0,6,3250000
115,2,2,4,1,2,1,1,3,0,120,5,5,1,0,12,1175000
60,0,4,7,1,2,1,1 ,3,0,65,5,5,1,0,0,1270000
190,10,3,4,1,2,1,2 ,3,0,200,8,6,4,0,0,3600000
110,6,1,4,1,2,1,1,3,0,125,0,2,4,0,11,1550000
125,6,2,4,1,2,1,2,1,0,150,2,3,1,0,1,3800000
68,2,4,4,1,2,0,1,3,0,80,3,4,4,1,0,1530000
65,0,2,4,1,2,1,1,3,0,75,8,4,3,1,6,1349000
75,2,2,4,1,2,1,1 ,3,0,85,8,4,1,0,6,1589000
55,0,4,4,1,2,1,1 ,3,0,65,8,5,1,1,6,1329000
95,2,-1,4,1,2,1,1,3,0,105,2,3,1,0,11,975000
55,0,6,5,2,1,0,1,3,0,71,0,8,4,0,6,3200000
100,2,1,4,1,2,1,1 ,3,0,125,5,4,4,0,2,590000
42,0,1,4,1,2,1,1 ,3,0,60,0,3,1,0,6,1490000
49,0,2,5,1,2,0,1 ,3,0,50,8,4,5,0,1,850000
131,6,1,8,1,2,1,2 ,3,0,166,0,6,4,0,6,2699000
169,6,13,8,1,2,0,2 ,3,0,186,0,14,1,0,6,4900000
169,6,13,8,1,2,0,2 ,3,0,186,0,14,1,0,6,4900000
95,6,2,4,1,2,1,1 ,3,0,110,2,4,4,1,9,1920000
70,2,3,4,1,2,1,1 ,3,0,90,5,5,4,0,11,1949000
92,2,2,8,1,2,1,2 ,3,0,130,6,3,1,0,6,2500000
75,2,5,4,1,2,1,1,3,0,85,5,5,4,0,0,950000
62,2,3,4,1,2,1,2,3,1,80,7,3,3,0,6,2350000
62,2,3,4,1,2,1,2,3,1,80,7,3,3,0,6,2350000
65,0,2,4,1,2,1,1,3,0,75,8,4,3,1,6,1349000
80,2,4,4,1,2,1,1,1,0,90,5,4,4,1,0,1825000
110,6,4,4,1,2,1,1,3,0,130,8,4,4,1,6,1670000
130,6,1,4,1,2,1,2,3,0,140,6,4,4,0,6,2115000
50,0,1,4,1,2,1,1 ,3,0,60,0,3,1,0,2,1299000
110,6,3,4,1,2,0,1 ,3,0,120,5,5,4,1,0,1950000
75,2,1,4,1,2,1,1 ,3,0,80,2,3,4,0,0,1530000
75,2,4,4,1,2,1,1 ,3,0,85,5,4,4,0,0,1500000
120,6,6,6,2,2,0,2 ,3,0,140,0,9,1,0,6,3200000
110,2,1,4,1,2,1,1 ,3,0,120,3,3,1,0,9,1745000
95,2,-1,4,1,2,1,1,3,0,105,2,3,1,0,11,975000
160,13,3,4,1,2,1,2 ,3,0,175,8,3,1,0,9,2950000
75,2,1,4,1,2,1,1 ,3,0,85,0,3,1,0,9,3200000
40,15,1,4,1,2,1,1 ,3,0,45,0,3,4,0,12,1150000
120,6,3,4,1,2,1,1 ,3,0,132,3,5,4,1,4,3900000
120,6,0,4,1,2,1,1 ,3,0,140,5,5,1,0,11,1575000
140,6,6,4,1,2,0,2,2,0,150,5,6,3,0,6,3715000
110,6,2,8,1,2,1,2,3,0,141,0,5,4,0,6,3500000
