0,2150000,8,5,100,3,3,0,1,0,0,0,0,0,1,0,0,0,0
1,4610000,8,3,250,6,3,1,0,0,0,0,0,0,1,0,0,0,0
2,1200000,0,4,110,4,1,0,1,0,0,0,0,0,1,0,0,0,0
3,800000,18,6,125,3,6,0,1,0,0,0,0,0,1,0,0,0,0
4,1850000,2,7,145,4,3,0,1,0,0,0,0,0,0,0,1,0,0
5,825000,1,5,70,2,1,0,1,0,0,0,0,0,1,0,0,0,0
6,2400000,8,4,200,3,3,0,1,0,0,0,0,0,1,0,0,0,0
7,700000,25,5,90,3,1,0,1,0,0,0,0,0,1,0,0,0,0
8,620000,25,4,100,4,1,0,1,0,0,0,0,0,1,0,0,0,0
9,1200000,0,3,100,4,1,0,1,0,0,0,0,0,1,0,0,0,0
10,1900000,8,8,90,3,2,0,1,0,0,0,0,0,1,0,0,0,0
11,1325000,25,5,90,3,2,0,1,0,0,0,0,0,1,0,0,0,0
12,580000,25,4,126,3,-1,0,1,0,0,0,0,0,1,0,0,0,0
13,460000,25,4,95,3,4,0,1,0,0,0,0,0,1,0,0,0,0
14,500000,18,4,138,4,4,0,1,0,0,0,0,0,0,0,0,1,0
15,1500000,13,4,140,5,4,0,1,0,0,0,0,0,1,0,0,0,0
16,1528000,3,4,195,4,4,0,1,0,0,0,0,0,1,0,0,0,0
17,5000000,18,2,280,5,2,1,0,0,0,0,0,0,1,0,0,0,0
18,880000,8,4,60,2,2,0,1,0,0,0,0,0,1,0,0,0,0
19,1700000,4,4,125,4,2,0,1,0,0,0,0,0,1,0,0,0,0
20,1325000,0,5,90,3,3,0,1,0,0,0,0,0,1,0,0,0,0
21,5300000,8,4,165,6,4,0,1,0,0,0,0,0,1,0,0,0,0
22,1490000,0,3,160,5,3,0,1,0,0,0,0,0,1,0,0,0,0
23,1250000,13,10,120,4,1,0,1,0,0,0,0,0,1,0,0,0,0
24,800000,25,4,120,4,1,0,1,0,0,0,0,0,1,0,0,0,0
25,900000,25,4,120,4,2,0,1,0,0,0,0,0,0,0,1,0,0
26,2050000,0,7,60,2,7,0,1,0,0,0,0,0,0,0,0,0,1
27,1100000,0,3,105,3,3,0,1,0,0,0,0,0,1,0,0,0,0
28,1249000,8,3,48,2,1,0,1,0,0,0,0,0,1,0,0,0,0
29,2150000,8,6,125,4,1,0,1,0,0,0,0,0,1,0,0,0,0
30,2790000,8,7,280,5,6,0,1,0,0,0,0,0,1,0,0,0,0
31,735000,25,4,90,3,1,0,1,0,0,0,0,0,1,0,0,0,0
32,420000,8,3,55,2,2,0,1,0,0,0,0,0,1,0,0,0,0
33,1950000,3,15,125,4,5,0,1,0,0,0,0,0,0,0,1,0,0
34,1620000,0,6,95,4,1,0,1,0,0,0,0,0,1,0,0,0,0
35,2275000,8,5,120,4,5,0,1,0,0,0,0,0,1,0,0,0,0
36,3375000,18,7,140,5,5,0,1,0,0,0,0,0,1,0,0,0,0
37,1000000,25,3,83,3,3,0,0,1,0,0,0,0,1,0,0,0,0
38,2500000,8,5,75,3,2,0,1,0,0,0,0,0,0,0,0,0,1
39,1750000,0,6,100,4,1,0,1,0,0,0,0,0,1,0,0,0,0
40,6100000,0,7,160,4,5,0,1,0,0,0,0,0,0,0,0,0,1
41,4940000,0,6,104,3,2,0,1,0,0,0,0,0,0,0,1,0,0
42,595000,25,5,75,3,5,0,1,0,0,1,0,0,0,0,0,0,0
43,1300000,3,5,150,4,2,0,1,0,0,0,0,0,1,0,0,0,0
44,2100000,18,4,105,4,1,0,1,0,0,0,0,0,1,0,0,0,0
45,825000,25,4,99,3,4,0,1,0,0,0,0,0,0,0,0,1,0
46,1100000,25,5,110,3,1,0,1,0,0,0,0,0,1,0,0,0,0
47,2500000,13,6,125,4,4,0,1,0,0,0,0,0,1,0,0,0,0
48,1750000,0,10,75,3,8,0,1,0,0,0,0,0,1,0,0,0,0
49,540000,25,5,140,4,-1,0,1,0,0,0,0,0,0,0,1,0,0
50,2600000,0,3,140,4,2,0,1,0,0,0,0,0,1,0,0,0,0
51,5500000,18,2,350,3,2,0,0,1,0,0,0,0,1,0,0,0,0
52,475000,18,4,80,3,1,0,1,0,0,0,0,0,0,0,1,0,0
53,1150000,25,5,105,3,4,0,1,0,0,0,0,0,1,0,0,0,0
54,1310000,18,5,120,4,1,0,1,0,0,0,0,0,1,0,0,0,0
55,3750000,0,5,320,7,5,1,0,0,0,0,0,0,1,0,0,0,0
56,1850000,0,6,107,3,1,0,1,0,0,0,0,0,1,0,0,0,0
57,1200000,2,3,150,3,3,0,1,0,0,0,0,0,0,1,0,0,0
58,475000,18,5,100,3,5,0,1,0,0,0,0,0,0,0,0,0,0
59,1550000,25,9,120,4,6,0,1,0,0,0,0,0,0,0,1,0,0
60,1720000,8,3,90,3,1,0,1,0,0,0,0,0,1,0,0,0,0
61,7150000,3,6,160,4,6,0,1,0,0,0,0,0,1,0,0,0,0
62,3600000,25,5,130,5,1,0,1,0,0,0,0,0,1,0,0,0,0
63,1410000,0,6,52,2,5,0,1,0,0,0,0,0,0,0,1,0,0
64,650000,25,4,119,4,1,0,1,0,0,0,0,0,1,0,0,0,0
65,1500000,0,3,100,3,1,0,1,0,0,0,0,0,1,0,0,0,0
66,1400000,18,4,280,7,4,0,1,0,0,0,0,0,1,0,0,0,0
67,1400000,18,5,125,4,1,0,1,0,0,0,0,0,1,0,0,0,0
68,850000,25,4,75,3,4,0,1,0,0,0,0,0,0,0,1,0,0
69,9850000,13,3,450,6,1,0,1,0,0,0,0,0,1,0,0,0,0
70,2150000,0,5,135,4,3,0,1,0,0,0,0,0,0,0,0,0,1
71,2280000,0,5,135,4,5,0,1,0,0,0,0,0,0,0,0,0,1
72,2200000,0,5,135,4,4,0,1,0,0,0,0,0,0,0,0,0,1
73,2950000,0,3,110,4,2,0,1,0,0,0,0,0,0,0,0,0,1
74,2100000,0,3,125,3,3,0,1,0,0,0,0,0,1,0,0,0,0
75,5580000,2,5,130,4,3,0,1,0,0,0,0,0,1,0,0,0,0
76,1320000,13,4,175,4,4,0,1,0,0,0,0,0,1,0,0,0,0
77,3200000,8,8,160,4,6,0,1,0,0,0,0,0,0,0,0,0,1
78,1600000,0,9,110,3,9,0,1,0,0,0,0,0,0,0,0,0,1
79,2120000,4,2,116,4,1,0,1,0,0,0,0,0,1,0,0,0,0
80,590000,18,4,130,4,4,0,1,0,0,0,0,0,1,0,0,0,0
81,2100000,25,5,210,5,5,0,1,0,0,0,0,0,0,0,1,0,0
82,2450000,0,9,175,5,9,0,1,0,0,0,0,0,0,0,0,0,1
83,4250000,8,5,282,6,5,1,0,0,0,0,0,0,1,0,0,0,0
84,1049000,13,12,85,3,1,0,1,0,0,0,0,0,1,0,0,0,0
85,1750000,25,2,90,7,2,0,0,1,0,0,0,0,1,0,0,0,0
86,2600000,4,6,168,4,4,0,1,0,0,0,0,0,0,0,0,0,1
87,1690000,0,6,66,3,3,0,1,0,0,0,0,0,0,0,1,0,0
88,4600000,25,3,170,4,3,0,0,0,1,0,0,1,0,0,0,0,0
89,2600000,13,4,220,5,4,0,1,0,0,0,0,0,0,0,1,0,0
90,3500000,4,4,220,6,-3,0,1,0,0,0,0,0,1,0,0,0,0
91,3750000,4,13,135,4,10,0,1,0,0,0,0,0,0,0,1,0,0
92,2795000,0,9,138,4,5,0,1,0,0,0,0,0,0,0,0,0,1
93,1400000,18,7,140,4,6,0,1,0,0,0,0,0,1,0,0,0,0
94,2250000,0,5,129,4,1,0,1,0,0,0,0,0,1,0,0,0,0
95,890000,25,3,135,4,3,0,1,0,0,0,0,0,1,0,0,0,0
96,950000,25,5,120,4,4,0,1,0,0,0,0,0,1,0,0,0,0
97,1350000,8,3,135,4,-3,0,1,0,0,0,1,0,0,0,0,0,0
98,3500000,18,2,120,6,2,0,0,1,0,0,0,0,1,0,0,0,0
99,410000,25,4,75,3,1,0,1,0,0,0,0,0,0,0,0,1,0
100,1500000,25,5,110,4,1,0,1,0,0,0,0,0,1,0,0,0,0
101,1200000,1,3,120,4,2,0,1,0,0,0,0,0,1,0,0,0,0
102,1450000,1,3,240,5,3,0,1,0,0,0,0,0,1,0,0,0,0
103,2750000,4,4,250,5,4,1,0,0,0,0,0,0,1,0,0,0,0
104,780000,25,5,85,3,4,0,1,0,0,0,0,0,1,0,0,0,0
105,1350000,0,7,65,2,1,0,1,0,0,0,0,0,0,0,1,0,0
106,950000,13,3,80,3,2,0,1,0,0,0,0,0,0,0,1,0,0
107,1750000,8,6,95,3,2,0,1,0,0,0,0,0,1,0,0,0,0
108,950000,8,7,83,3,6,0,1,0,0,0,0,0,0,0,1,0,0
109,3950000,13,8,240,5,6,0,1,0,0,0,0,0,1,0,0,0,0
110,1650000,1,5,105,3,3,0,1,0,0,0,0,0,0,0,1,0,0
111,1350000,8,5,200,7,5,1,0,0,0,0,0,0,0,0,1,0,0
112,630000,13,5,80,3,2,0,1,0,0,0,0,0,1,0,0,0,0
113,1700000,25,5,165,4,3,0,1,0,0,0,0,0,0,0,1,0,0
114,950000,25,5,140,4,4,0,1,0,0,0,0,0,1,0,0,0,0
115,1580000,8,4,190,5,4,0,1,0,0,0,0,0,1,0,0,0,0
116,2800000,25,3,482,9,3,0,0,1,0,0,0,0,0,0,0,0,0
117,889000,0,3,75,3,1,0,1,0,0,0,0,0,1,0,0,0,0
118,995000,25,3,140,4,3,0,1,0,0,0,0,0,0,0,0,0,0
119,1550000,0,5,47,2,3,0,1,0,0,0,0,0,0,0,0,0,1
120,2790000,3,3,175,4,3,0,1,0,0,0,0,0,1,0,0,0,0
121,6500000,13,3,300,7,1,0,1,0,0,0,0,0,1,0,0,0,0
122,500000,25,3,150,4,3,0,0,1,0,0,0,0,0,0,0,1,0
123,2100000,0,5,180,5,5,1,0,0,0,0,0,0,0,0,0,0,0
124,1050000,0,5,80,3,4,0,1,0,0,0,0,0,0,0,0,0,0
125,1100000,25,9,130,3,2,0,1,0,0,0,0,0,1,0,0,0,0
126,750000,25,4,100,3,2,0,1,0,0,0,0,0,1,0,0,0,0
127,2090000,0,10,100,3,1,0,1,0,0,0,0,0,0,0,0,0,1
128,2250000,25,2,230,7,1,0,1,0,0,0,0,0,0,0,0,1,0
129,3600000,13,4,165,5,4,0,1,0,0,0,0,0,1,0,0,0,0
130,4100000,25,4,350,6,1,0,1,0,0,0,0,1,0,0,0,0,0
131,5000000,8,3,500,8,1,0,1,0,0,0,0,0,1,0,0,0,0
132,1570000,8,3,150,5,1,0,1,0,0,0,0,0,1,0,0,0,0
133,1600000,25,2,185,7,1,0,1,0,0,0,0,0,1,0,0,0,0
134,895000,25,1,40,1,1,0,0,1,0,0,0,0,0,0,0,0,0
135,5250000,25,3,285,5,1,0,1,0,0,0,0,0,1,0,0,0,0
136,3850000,18,3,250,3,1,0,1,0,0,0,0,0,1,0,0,0,0
137,1660000,0,10,127,4,10,0,1,0,0,0,0,0,1,0,0,0,0
138,2350000,13,4,270,6,4,0,1,0,0,0,0,0,1,0,0,0,0
139,8000000,8,4,400,6,1,0,1,0,0,0,0,0,1,0,0,0,0
140,490000,25,1,85,3,1,0,0,1,0,0,0,0,1,0,0,0,0
141,450000,25,2,120,4,1,0,1,0,0,0,0,0,0,0,0,0,0
142,1920000,0,9,100,3,6,0,1,0,0,0,0,0,0,0,0,0,1
143,699000,18,5,80,2,5,0,1,0,0,0,0,0,1,0,0,0,0
144,1550000,8,3,250,7,3,0,1,0,0,0,0,0,1,0,0,0,0
145,820000,13,5,145,5,2,0,1,0,0,0,0,0,1,0,0,0,0
146,3750000,8,3,350,6,3,0,0,1,0,0,0,0,1,0,0,0,0
147,1099000,25,3,150,5,3,0,1,0,0,0,0,0,1,0,0,0,0
148,835000,13,2,130,4,1,0,1,0,0,0,0,0,0,0,0,1,0
149,595000,25,2,155,4,2,0,0,1,0,0,0,0,1,0,0,0,0
150,890000,4,5,100,3,1,0,1,0,0,0,0,0,1,0,0,0,0
151,8250000,25,2,350,8,2,1,0,0,0,0,0,0,0,0,0,0,1
152,450000,25,5,140,2,1,0,1,0,0,0,0,0,0,0,0,0,0
153,570000,25,5,115,4,2,0,1,0,0,1,0,0,0,0,0,0,0
154,3300000,13,5,150,4,2,0,1,0,0,0,0,0,1,0,0,0,0
155,550000,25,5,150,4,-1,0,1,0,0,0,0,0,0,0,0,1,0
156,1525000,25,3,250,7,1,0,1,0,0,0,0,0,1,0,0,0,0
157,9250000,8,2,300,5,2,0,0,0,1,0,0,0,1,0,0,0,0
158,1400000,0,4,200,4,4,1,0,0,0,0,0,0,1,0,0,0,0
159,800000,18,2,110,4,2,0,1,0,0,1,0,0,0,0,0,0,0
160,1550000,8,5,280,6,1,0,1,0,0,0,0,0,1,0,0,0,0
161,485000,25,4,85,3,1,0,1,0,0,0,0,0,1,0,0,0,0
162,500000,13,5,89,3,1,0,1,0,0,0,0,0,1,0,0,0,0
163,3450000,0,2,220,5,2,0,1,0,0,0,0,0,0,0,0,0,1
164,2050000,8,5,145,4,1,0,1,0,0,0,0,0,1,0,0,0,0
165,2590000,8,10,185,5,4,0,1,0,0,0,0,0,1,0,0,0,0
166,6700000,0,2,200,6,1,0,1,0,0,0,0,0,1,0,0,0,0
167,850000,0,1,125,2,1,0,0,1,0,0,0,0,0,0,0,0,0
168,1475000,8,1,100,3,1,0,0,1,0,0,0,0,0,0,0,1,0
169,575000,13,11,140,4,1,0,1,0,0,0,0,0,1,0,0,0,0
170,8500000,0,5,350,6,5,0,0,0,1,0,0,0,1,0,0,0,0
171,700000,8,2,220,2,2,0,0,1,0,1,0,0,0,0,0,0,0
172,6000000,18,4,470,8,4,0,0,0,1,0,0,0,1,0,0,0,0
173,375000,25,4,85,3,2,0,1,0,0,1,0,0,0,0,0,0,0
174,950000,25,2,132,5,2,1,0,0,0,0,0,0,0,0,0,0,0
175,4500000,25,4,550,10,4,0,0,1,0,0,0,0,1,0,0,0,0
176,1175000,2,6,52,3,3,0,1,0,0,0,0,0,0,0,0,0,1
177,2300000,0,8,120,4,1,0,1,0,0,0,0,0,0,0,0,0,1
178,1120000,25,4,140,4,-3,0,1,0,0,0,0,0,1,0,0,0,0
179,650000,13,6,80,3,1,0,1,0,0,0,0,0,1,0,0,0,0
180,625000,13,5,90,4,-1,0,1,0,0,0,0,0,1,0,0,0,0
181,700000,13,5,127,4,5,0,1,0,0,0,0,0,1,0,0,0,0
182,1250000,4,4,55,2,1,0,1,0,0,0,0,0,1,0,0,0,0
183,2150000,25,4,85,10,4,0,0,1,0,1,0,0,0,0,0,0,0
184,1600000,13,5,135,4,5,0,1,0,0,0,0,0,1,0,0,0,0
185,1250000,0,9,60,3,7,0,1,0,0,0,0,0,0,0,0,0,1
186,1100000,4,1,75,3,1,0,1,0,0,0,0,0,0,0,0,1,0
187,645000,25,5,115,3,3,0,1,0,0,0,0,0,1,0,0,0,0
188,1315000,8,5,84,3,5,0,1,0,0,0,0,0,0,0,1,0,0
189,1200000,4,4,55,2,1,0,1,0,0,0,0,0,1,0,0,0,0
190,7500000,1,3,220,6,3,0,1,0,0,0,0,0,1,0,0,0,0
191,1550000,25,9,120,4,6,0,1,0,0,0,0,0,0,0,1,0,0
192,1380000,25,2,766088,5,1,0,1,0,0,0,0,0,0,0,0,1,0
193,770000,25,4,90,3,4,0,1,0,0,0,0,0,1,0,0,0,0
194,2500000,18,5,145,4,4,0,1,0,0,0,0,0,0,1,0,0,0
195,1299000,4,4,75,3,1,0,1,0,0,0,0,0,1,0,0,0,0
196,979000,8,5,80,3,1,0,1,0,0,0,0,0,1,0,0,0,0
197,875000,25,4,110,3,3,0,1,0,0,0,0,0,1,0,0,0,0
198,2700000,13,5,140,4,2,0,1,0,0,0,0,0,1,0,0,0,0
199,3750000,25,3,102,3,-3,0,1,0,0,0,0,0,1,0,0,0,0
200,1275000,0,5,90,3,2,0,1,0,0,0,0,0,1,0,0,0,0
201,1149000,13,5,60,3,-1,0,1,0,0,0,0,0,1,0,0,0,0
202,1470000,18,5,120,4,1,0,1,0,0,0,0,0,1,0,0,0,0
203,2150000,0,5,130,4,4,0,1,0,0,0,0,0,1,0,0,0,0
204,4100000,18,2,280,6,2,0,0,1,0,0,0,0,1,0,0,0,0
205,1850000,0,5,105,4,3,0,1,0,0,0,0,0,1,0,0,0,0
206,2400000,0,3,180,5,3,1,0,0,0,0,0,0,0,0,0,0,1
207,1950000,25,5,140,4,5,0,1,0,0,0,0,0,0,0,1,0,0
208,1060000,25,2,130,3,1,0,1,0,0,1,0,0,0,0,0,0,0
209,2199000,25,2,254,8,2,0,0,1,0,1,0,0,0,0,0,0,0
210,1800000,4,5,110,3,4,0,1,0,0,0,0,0,1,0,0,0,0
211,1000000,25,3,60,2,3,0,0,1,0,0,0,0,0,0,0,0,0
212,2100000,18,5,115,4,5,0,1,0,0,0,0,0,1,0,0,0,0
213,1995000,13,8,125,4,4,0,1,0,0,0,0,0,1,0,0,0,0
214,1935000,13,8,125,4,3,0,1,0,0,0,0,0,1,0,0,0,0
215,3500000,4,6,127,3,5,0,1,0,0,0,0,0,0,0,0,0,1
216,1585000,8,5,120,4,2,0,1,0,0,0,0,0,1,0,0,0,0
217,1559000,1,5,73,2,2,0,1,0,0,0,0,0,0,0,0,0,1
218,575000,25,5,90,3,-1,0,1,0,0,0,0,0,1,0,0,0,0
219,1750000,8,19,129,4,14,0,1,0,0,0,0,0,0,0,1,0,0
220,1060000,4,4,85,3,2,0,1,0,0,0,0,0,1,0,0,0,0
221,1600000,25,5,100,3,2,0,1,0,0,0,0,0,0,0,1,0,0
222,545000,25,1,84,3,1,0,1,0,0,1,0,0,0,0,0,0,0
223,3900000,8,2,260,5,2,0,0,0,1,0,0,0,1,0,0,0,0
224,4250000,25,5,170,10,5,0,0,1,0,1,0,0,0,0,0,0,0
225,750000,25,3,120,4,3,0,1,0,0,0,0,0,1,0,0,0,0
226,950000,25,5,110,4,2,0,1,0,0,0,0,0,1,0,0,0,0
227,6850000,8,4,160,10,4,0,0,1,0,0,0,0,1,0,0,0,0
228,2200000,25,3,105,3,3,0,1,0,0,0,0,0,1,0,0,0,0
229,475000,25,6,100,3,2,0,1,0,0,0,0,0,1,0,0,0,0
230,1725000,1,3,230,5,3,0,1,0,0,0,0,0,1,0,0,0,0
231,925000,25,4,165,5,4,0,1,0,0,0,0,0,1,0,0,0,0
232,6950000,0,3,200,6,3,0,0,0,1,0,0,0,1,0,0,0,0
233,2650000,2,5,128,4,3,0,1,0,0,0,0,0,0,0,0,0,1
234,2850000,8,4,235,6,4,1,0,0,0,0,0,0,1,0,0,0,0
235,1340000,2,3,200,5,3,0,1,0,0,0,0,0,1,0,0,0,0
236,2150000,4,4,100,3,2,0,1,0,0,0,0,0,1,0,0,0,0
237,2550000,4,5,145,4,5,1,0,0,0,0,0,0,1,0,0,0,0
238,1120000,25,4,140,4,3,0,1,0,0,0,0,0,1,0,0,0,0
239,650000,18,5,80,3,1,0,1,0,0,0,0,0,1,0,0,0,0
240,580000,25,5,60,2,3,0,1,0,0,1,0,0,0,0,0,0,0
241,830000,25,5,90,3,1,0,1,0,0,0,0,0,1,0,0,0,0
242,1350000,25,5,85,3,3,0,1,0,0,0,0,0,1,0,0,0,0
243,1975000,8,7,117,4,3,0,1,0,0,0,0,0,1,0,0,0,0
244,2350000,8,5,300,6,5,0,1,0,0,0,0,0,1,0,0,0,0
245,375000,25,2,65,2,1,0,1,0,0,0,0,1,0,0,0,0,0
246,890000,4,6,65,3,2,0,1,0,0,0,0,0,1,0,0,0,0
247,2100000,8,6,140,4,2,0,1,0,0,0,0,0,1,0,0,0,0
248,1650000,25,5,140,5,4,0,1,0,0,0,0,0,1,0,0,0,0
249,2500000,0,6,284,7,5,0,1,0,0,0,0,0,1,0,0,0,0
250,1100000,25,6,90,3,6,0,1,0,0,0,0,0,0,0,0,1,0
251,780000,25,3,65,2,3,0,1,0,0,0,0,0,1,0,0,0,0
252,990000,8,7,85,3,5,0,1,0,0,0,0,0,0,0,1,0,0
253,935000,25,2,80,3,2,0,0,1,0,0,0,0,1,0,0,0,0
254,625000,13,5,90,4,-1,0,1,0,0,0,0,0,1,0,0,0,0
255,1700000,25,4,90,3,3,0,1,0,0,1,0,0,0,0,0,0,0
256,1490000,3,15,63,2,1,0,1,0,0,0,0,0,1,0,0,0,0
257,3000000,3,15,157,5,8,0,1,0,0,0,0,0,1,0,0,0,0
258,1625000,3,4,90,3,1,0,1,0,0,0,0,0,1,0,0,0,0
259,729000,8,4,40,2,3,0,1,0,0,0,0,0,0,0,0,0,0
260,800000,25,2,80,4,1,0,1,0,0,0,0,0,1,0,0,0,0
261,2500000,0,3,125,4,1,0,1,0,0,0,0,0,0,0,0,0,1
262,1485000,13,5,125,4,4,0,1,0,0,0,0,0,1,0,0,0,0
263,2430000,3,5,210,6,1,0,1,0,0,0,0,0,1,0,0,0,0
264,1250000,0,5,90,3,1,0,1,0,0,0,0,0,1,0,0,0,0
265,1700000,3,5,135,4,3,0,1,0,0,0,0,0,1,0,0,0,0
266,860000,25,5,95,3,4,0,1,0,0,1,0,0,0,0,0,0,0
267,530000,8,3,65,3,1,0,1,0,0,0,0,0,0,0,1,0,0
268,1300000,0,3,120,3,3,1,0,0,0,0,0,0,1,0,0,0,0
269,1250000,8,4,95,3,1,0,1,0,0,0,0,0,1,0,0,0,0
270,1550000,0,3,130,4,3,0,1,0,0,0,0,0,1,0,0,0,0
271,2600000,8,7,115,4,3,0,1,0,0,0,0,0,1,0,0,0,0
272,2800000,25,3,130,4,3,0,1,0,0,0,1,0,0,0,0,0,0
273,2650000,25,18,175,5,16,0,1,0,0,0,0,0,0,0,1,0,0
274,2100000,8,6,100,4,4,0,1,0,0,0,0,0,0,0,0,0,1
275,575000,18,1,296,3,1,0,1,0,0,0,0,0,0,0,0,1,0
276,1690000,8,8,90,3,3,0,1,0,0,0,0,0,0,0,1,0,0
277,3000000,13,5,180,5,2,0,1,0,0,0,0,0,0,0,0,0,1
278,765000,25,5,90,3,5,0,1,0,0,0,0,0,1,0,0,0,0
279,1200000,4,5,100,3,1,0,1,0,0,0,0,0,1,0,0,0,0
280,750000,18,3,149,2,3,1,0,0,0,1,0,0,0,0,0,0,0
281,1180000,4,4,125,4,1,0,1,0,0,0,0,0,1,0,0,0,0
282,800000,8,4,70,3,1,0,1,0,0,0,0,0,1,0,0,0,0
283,1050000,18,4,135,4,2,0,1,0,0,0,0,0,1,0,0,0,0
284,4600000,0,11,200,5,3,0,1,0,0,0,0,0,0,0,0,0,1
285,8500000,3,3,300,5,2,0,1,0,0,0,0,0,1,0,0,0,0
286,1115000,8,3,75,3,2,0,1,0,0,0,0,0,1,0,0,0,0
287,1115000,8,3,75,3,2,0,1,0,0,0,0,0,1,0,0,0,0
288,775000,8,3,70,3,3,0,1,0,0,0,0,0,1,0,0,0,0
289,6900000,13,17,200,5,10,0,1,0,0,0,0,0,0,0,1,0,0
290,1280000,18,5,115,3,4,0,1,0,0,0,0,0,1,0,0,0,0
291,2150000,4,6,220,6,6,1,0,0,0,0,0,0,1,0,0,0,0
292,1360000,0,6,140,4,1,0,1,0,0,0,0,0,1,0,0,0,0
293,2200000,8,11,92,3,6,0,1,0,0,0,0,0,0,0,0,0,1
294,1700000,8,5,110,3,3,0,1,0,0,0,0,0,1,0,0,0,0
295,3150000,8,5,135,4,2,0,1,0,0,0,0,0,1,0,0,0,0
296,1050000,0,3,120,4,1,0,1,0,0,0,0,0,1,0,0,0,0
297,450000,25,4,120,4,4,0,1,0,0,0,0,0,1,0,0,0,0
298,960000,8,4,65,3,4,0,1,0,0,0,0,0,1,0,0,0,0
299,585000,18,3,95,3,-3,0,1,0,0,0,0,0,1,0,0,0,0
300,2850000,25,4,100,4,4,0,0,1,0,0,0,0,1,0,0,0,0
301,2950000,18,2,250,7,2,0,0,1,0,1,0,0,0,0,0,0,0
302,1325000,8,6,84,3,3,0,1,0,0,0,0,0,0,0,1,0,0
303,2200000,0,3,140,4,2,0,1,0,0,0,0,0,1,0,0,0,0
304,1179000,8,4,75,3,4,0,1,0,0,0,0,0,1,0,0,0,0
305,395000,25,4,87,3,3,0,1,0,0,0,0,0,0,0,0,1,0
306,1730000,4,14,95,3,9,0,1,0,0,0,0,0,1,0,0,0,0
307,950000,8,4,90,3,2,0,1,0,0,0,0,0,1,0,0,0,0
308,1450000,0,3,90,3,2,0,1,0,0,0,0,0,0,0,0,0,1
309,1950000,0,3,170,5,3,0,1,0,0,0,0,0,0,0,0,0,1
310,1460000,4,3,140,5,3,0,1,0,0,0,0,0,1,0,0,0,0
311,1250000,4,6,88,3,3,0,1,0,0,0,0,0,1,0,0,0,0
312,1250000,25,3,110,3,3,0,1,0,0,0,0,0,0,0,0,1,0
313,790000,4,3,60,2,1,0,1,0,0,0,0,0,1,0,0,0,0
314,550000,25,4,125,4,4,0,1,0,0,0,0,0,0,0,0,1,0
315,2250000,25,5,220,6,5,0,1,0,0,0,0,0,0,0,1,0,0
316,1100000,25,5,175,4,5,0,1,0,0,0,0,0,1,0,0,0,0
317,1175000,25,4,160,4,2,0,1,0,0,0,0,0,1,0,0,0,0
318,4250000,25,2,60,3,1,0,1,0,0,0,0,0,1,0,0,0,0
319,825000,25,4,75,3,1,0,1,0,0,0,0,0,1,0,0,0,0
320,1400000,8,2,1600,4,1,0,1,0,0,0,0,0,0,0,0,1,0
321,850000,18,4,150,4,-3,0,1,0,0,0,0,0,1,0,0,0,0
322,850000,18,4,120,3,-2,0,1,0,0,0,0,0,1,0,0,0,0
323,4200000,25,4,125,3,4,0,0,1,0,0,0,0,1,0,0,0,0
324,580000,25,2,70,3,2,0,1,0,0,0,0,0,0,0,0,0,0
325,3450000,8,4,220,7,1,0,1,0,0,0,0,0,1,0,0,0,0
326,1250000,25,4,95,4,3,0,1,0,0,0,0,0,1,0,0,0,0
327,1150000,4,3,110,4,2,0,1,0,0,0,0,0,1,0,0,0,0
328,2000000,25,6,145,5,6,0,1,0,0,0,0,0,0,0,1,0,0
329,695000,25,6,125,4,6,0,1,0,0,0,0,0,1,0,0,0,0
330,3000000,8,6,130,4,3,0,1,0,0,0,0,0,1,0,0,0,0
331,720000,8,4,50,3,1,0,1,0,0,0,0,0,1,0,0,0,0
332,1580000,8,5,110,3,1,0,1,0,0,0,0,0,1,0,0,0,0
333,3100000,8,22,155,5,8,0,1,0,0,0,0,0,0,0,1,0,0
334,660000,25,5,120,4,2,0,1,0,0,0,0,0,1,0,0,0,0
335,1950000,25,5,125,4,2,0,1,0,0,0,0,0,1,0,0,0,0
336,1555000,3,15,59,2,3,0,1,0,0,0,0,0,1,0,0,0,0
337,660000,25,5,115,4,5,0,1,0,0,0,0,0,1,0,0,0,0
338,3500000,8,4,250,6,4,0,1,0,0,0,0,0,1,0,0,0,0
339,2100000,0,6,108,4,2,0,1,0,0,0,0,0,1,0,0,0,0
340,545000,25,1,100,4,1,0,0,1,0,0,0,0,1,0,0,0,0
341,1300000,8,4,145,4,3,0,1,0,0,0,0,0,1,0,0,0,0
342,590000,25,4,110,4,1,0,1,0,0,0,0,0,1,0,0,0,0
343,1509000,0,5,56,3,3,0,1,0,0,0,0,0,0,0,0,0,1
344,1509000,0,5,56,3,3,0,1,0,0,0,0,0,0,0,0,0,1
345,2350000,25,3,270,10,1,0,1,0,0,0,0,0,1,0,0,0,0
346,1580000,2,4,90,3,1,0,1,0,0,0,0,0,1,0,0,0,0
347,2150000,0,3,240,7,3,0,1,0,0,0,0,0,1,0,0,0,0
348,1350000,8,7,120,4,5,0,1,0,0,0,0,0,1,0,0,0,0
349,1377000,2,4,200,5,4,0,1,0,0,0,0,0,1,0,0,0,0
350,1280000,13,3,118,4,3,0,1,0,0,0,0,0,1,0,0,0,0
351,1700000,2,4,95,3,3,0,1,0,0,0,0,0,1,0,0,0,0
352,1200000,0,3,140,4,2,0,1,0,0,0,0,0,1,0,0,0,0
353,1500000,8,1,152,4,1,0,0,1,0,0,0,0,0,0,0,1,0
354,450000,25,5,115,4,5,0,1,0,0,0,0,0,1,0,0,0,0
355,1430000,13,12,120,4,7,0,1,0,0,0,0,0,1,0,0,0,0
356,1195000,4,3,120,4,2,0,1,0,0,0,0,0,1,0,0,0,0
357,5200000,8,2,180,4,2,0,1,0,0,0,0,0,1,0,0,0,0
358,1300000,8,5,130,4,2,0,1,0,0,0,0,0,1,0,0,0,0
359,1325000,0,3,110,3,3,1,0,0,0,0,0,0,1,0,0,0,0
360,675000,25,4,70,3,2,0,1,0,0,0,0,0,1,0,0,0,0
361,1650000,0,9,105,3,3,0,1,0,0,0,0,0,1,0,0,0,0
362,1750000,8,3,200,5,2,0,1,0,0,0,0,0,1,0,0,0,0
363,750000,25,4,90,3,2,0,1,0,0,1,0,0,0,0,0,0,0
364,2765000,2,10,140,4,6,0,1,0,0,0,0,0,0,0,1,0,0
365,2550000,4,5,115,4,1,0,1,0,0,0,0,0,1,0,0,0,0
366,1025000,0,5,60,3,3,0,1,0,0,0,0,0,0,0,0,0,1
367,1870000,18,24,160,4,1,0,1,0,0,0,0,0,0,0,1,0,0
368,1800000,13,6,128,4,3,0,1,0,0,0,0,0,1,0,0,0,0
369,3750000,0,6,130,4,6,0,1,0,0,0,0,0,0,0,0,0,1
370,840000,18,4,60,3,1,0,1,0,0,0,0,0,1,0,0,0,0
371,860000,25,4,60,3,4,0,1,0,0,0,0,0,1,0,0,0,0
372,890000,13,4,125,4,4,0,1,0,0,0,0,0,1,0,0,0,0
373,1165000,8,4,90,3,1,0,1,0,0,0,0,0,1,0,0,0,0
374,1760000,3,15,61,2,12,0,1,0,0,0,0,0,1,0,0,0,0
375,1450000,0,4,120,4,2,0,1,0,0,0,0,0,1,0,0,0,0
376,875000,13,1,90,3,1,0,1,0,0,0,0,0,0,0,0,1,0
377,860000,25,4,300,7,4,0,1,0,0,0,0,0,1,0,0,0,0
378,950000,18,3,70,3,1,0,1,0,0,0,0,0,0,0,0,1,0
379,3279000,18,3,110,3,2,0,1,0,0,0,0,0,1,0,0,0,0
380,1500004,8,5,95,3,2,0,1,0,0,0,0,0,1,0,0,0,0
381,695000,8,4,50,2,3,0,1,0,0,0,0,0,0,0,0,0,0
382,3250000,0,6,120,4,1,0,1,0,0,0,0,0,0,0,0,0,1
383,1650000,0,2,150,4,2,0,1,0,0,0,0,0,1,0,0,0,0
384,1300000,0,3,110,3,3,0,1,0,0,0,0,0,1,0,0,0,0
385,1250000,0,5,170,4,5,0,1,0,0,0,0,0,1,0,0,0,0
386,299000,8,3,65,3,2,0,1,0,0,0,0,0,0,0,1,0,0
387,3145000,18,3,200,5,1,0,1,0,0,0,0,0,1,0,0,0,0
388,1850000,0,5,107,3,1,0,1,0,0,0,0,0,0,0,0,0,1
389,2350000,0,5,129,4,1,0,1,0,0,0,0,0,0,0,0,0,1
390,1850000,0,4,300,7,4,0,1,0,0,0,0,0,1,0,0,0,0
391,1075000,0,3,90,3,1,0,1,0,0,0,0,0,1,0,0,0,0
392,665000,18,4,96,3,4,0,1,0,0,0,0,0,1,0,0,0,0
393,1527000,3,4,195,4,4,0,1,0,0,0,0,0,1,0,0,0,0
394,2500000,8,3,200,6,2,0,1,0,0,0,0,0,1,0,0,0,0
395,630000,25,5,90,3,5,0,1,0,0,1,0,0,0,0,0,0,0
396,535000,25,4,75,3,4,0,1,0,0,0,0,0,0,0,0,0,0
397,2950000,8,2,250,6,2,0,1,0,0,0,0,0,1,0,0,0,0
398,820000,0,4,79,3,2,0,1,0,0,0,0,0,1,0,0,0,0
399,2400000,3,3,180,6,3,0,1,0,0,0,0,0,1,0,0,0,0
400,1850000,25,6,115,4,2,0,1,0,0,0,0,0,0,0,1,0,0
401,1550000,25,6,75,3,4,0,1,0,0,0,0,0,0,0,1,0,0
402,2300000,8,22,179,5,11,0,1,0,0,0,0,0,0,0,1,0,0
403,615000,25,5,80,3,2,0,1,0,0,1,0,0,0,0,0,0,0
404,1580000,18,5,140,4,5,0,1,0,0,0,0,0,1,0,0,0,0
405,455000,8,3,55,2,3,0,1,0,0,0,0,0,1,0,0,0,0
406,2250000,8,2,240,5,2,0,1,0,0,0,0,0,1,0,0,0,0
407,1299000,0,6,47,3,4,0,1,0,0,0,0,0,0,0,0,0,1
408,2270000,8,3,130,4,1,0,1,0,0,0,0,0,1,0,0,0,0
409,1790000,4,3,230,7,3,0,1,0,0,0,0,0,1,0,0,0,0
410,1950000,4,10,100,3,6,0,1,0,0,0,0,0,1,0,0,0,0
411,2000000,0,5,200,6,5,0,1,0,0,0,0,0,1,0,0,0,0
412,6000000,13,3,170,4,1,0,1,0,0,0,0,0,1,0,0,0,0
413,1250000,0,6,45,3,3,0,1,0,0,0,0,0,0,0,0,0,1
414,1399000,0,5,75,3,5,0,1,0,0,0,0,0,0,0,0,0,1
415,825000,3,4,40,2,1,0,1,0,0,0,0,0,1,0,0,0,0
416,570000,25,3,110,3,3,0,1,0,0,0,0,0,1,0,0,0,0
417,450000,18,5,86,3,1,0,1,0,0,0,0,0,0,0,0,1,0
418,1750000,25,3,180,6,3,0,1,0,0,0,0,0,0,0,0,1,0
419,1850000,0,6,107,3,1,0,1,0,0,0,0,0,0,0,0,0,1
420,3200000,0,6,250,6,6,0,1,0,0,0,0,0,1,0,0,0,0
421,2300000,8,4,265,6,4,0,1,0,0,0,0,0,1,0,0,0,0
422,520000,18,5,70,2,1,0,1,0,0,0,0,0,0,0,0,0,0
423,825000,18,5,90,3,1,0,1,0,0,1,0,0,0,0,0,0,0
424,1750000,18,3,100,9,1,0,1,0,0,0,1,0,0,0,0,0,0
425,610000,25,5,105,4,2,0,1,0,0,0,0,0,1,0,0,0,0
426,1300000,25,5,140,4,4,0,1,0,0,0,0,0,0,0,1,0,0
427,2550000,8,5,120,4,4,0,1,0,0,1,0,0,0,0,0,0,0
428,898000,18,5,69,3,5,0,1,0,0,0,0,0,0,0,0,0,0
429,1700000,8,4,140,4,1,0,1,0,0,0,0,0,1,0,0,0,0
430,950000,8,6,110,4,1,0,1,0,0,0,0,0,1,0,0,0,0
431,3150000,13,4,140,4,1,0,1,0,0,0,0,0,1,0,0,0,0
432,2000000,8,4,125,4,2,0,1,0,0,0,0,0,1,0,0,0,0
433,3150000,0,5,166,5,1,0,1,0,0,0,0,0,0,0,0,0,1
434,1499000,25,6,130,4,1,0,1,0,0,0,0,0,0,0,1,0,0
435,870000,18,4,130,4,2,0,1,0,0,0,0,0,1,0,0,0,0
436,650000,25,8,60,2,1,0,1,0,0,0,0,0,0,0,0,1,0
437,1129000,0,5,45,2,1,0,1,0,0,0,0,0,1,0,0,0,0
438,969000,13,4,65,3,1,0,1,0,0,0,0,0,1,0,0,0,0
439,749000,13,4,35,2,2,0,1,0,0,0,0,1,0,0,0,0,0
440,1300000,1,4,125,3,1,0,1,0,0,0,0,0,1,0,0,0,0
441,1100000,1,5,95,3,1,0,1,0,0,0,0,0,1,0,0,0,0
442,1550000,4,3,125,4,1,0,1,0,0,0,0,0,1,0,0,0,0
443,3250000,0,8,115,4,3,0,1,0,0,0,0,0,0,0,0,0,1
444,710000,13,3,80,3,1,0,1,0,0,0,0,0,1,0,0,0,0
445,2400000,13,3,110,3,1,0,1,0,0,0,0,0,1,0,0,0,0
446,825000,25,1,154,5,1,0,0,1,0,0,0,0,1,0,0,0,0
447,1500000,25,4,110,4,1,0,1,0,0,0,0,0,1,0,0,0,0
448,769000,8,4,65,2,2,0,1,0,0,0,0,0,1,0,0,0,0
449,790000,4,3,60,2,1,0,1,0,0,0,0,0,1,0,0,0,0
450,820000,8,5,60,2,4,0,1,0,0,0,0,0,1,0,0,0,0
451,1550000,18,5,110,3,1,0,1,0,0,0,0,0,1,0,0,0,0
452,3250000,2,5,140,4,4,0,1,0,0,0,0,0,0,0,0,0,1
453,1795000,8,4,70,3,1,0,1,0,0,0,0,0,1,0,0,0,0
454,2350000,0,3,135,4,1,0,1,0,0,0,0,0,1,0,0,0,0
455,850000,4,3,60,2,2,0,1,0,0,0,0,0,1,0,0,0,0
456,2400000,13,3,200,4,3,0,1,0,0,0,0,0,1,0,0,0,0
457,3000000,1,7,240,6,7,0,1,0,0,0,0,0,1,0,0,0,0
458,4200000,18,3,300,8,3,0,1,0,0,0,0,0,1,0,0,0,0
459,2550000,4,5,115,4,1,0,1,0,0,0,0,0,1,0,0,0,0
460,1390000,0,3,110,4,3,0,1,0,0,0,0,0,1,0,0,0,0
461,2400000,13,3,200,4,3,0,1,0,0,0,0,0,1,0,0,0,0
462,1700000,8,4,125,4,1,0,1,0,0,0,0,0,1,0,0,0,0
463,2800000,8,4,220,6,4,0,1,0,0,0,0,0,1,0,0,0,0
464,2000000,8,4,125,4,2,0,1,0,0,0,0,0,1,0,0,0,0
465,1750000,8,2,180,5,2,0,1,0,0,0,0,0,1,0,0,0,0
466,1625000,3,4,90,3,4,1,0,0,0,0,0,0,1,0,0,0,0
467,2100000,18,3,140,3,2,0,1,0,0,0,0,0,1,0,0,0,0
468,2150000,8,3,190,6,3,0,1,0,0,0,0,0,1,0,0,0,0
469,2600000,3,6,260,8,6,1,0,0,0,0,0,0,1,0,0,0,0
470,1850000,3,3,125,4,1,0,1,0,0,0,0,0,1,0,0,0,0
471,835000,0,3,90,3,2,0,1,0,0,0,0,0,1,0,0,0,0
472,700000,25,5,100,3,1,0,1,0,0,0,0,0,1,0,0,0,0
473,1200000,8,4,90,3,2,0,1,0,0,0,0,0,1,0,0,0,0
474,975000,8,4,65,3,1,0,1,0,0,0,0,0,1,0,0,0,0
475,890000,8,4,60,3,2,0,1,0,0,0,0,0,1,0,0,0,0
476,890000,4,6,65,3,2,0,1,0,0,0,0,0,1,0,0,0,0
477,2600000,1,5,158,4,5,0,1,0,0,0,0,0,0,0,0,0,1
478,1350000,8,3,140,4,-1,0,1,0,0,0,0,0,1,0,0,0,0
479,2280000,8,5,190,5,5,0,1,0,0,0,0,0,1,0,0,0,0
480,1150000,8,4,100,4,1,0,1,0,0,0,0,0,1,0,0,0,0
481,2980000,13,6,140,4,5,0,1,0,0,0,0,0,1,0,0,0,0
482,1525000,0,6,130,4,5,0,1,0,0,0,0,0,1,0,0,0,0
483,2850000,25,4,249,3,1,0,1,0,0,0,0,0,1,0,0,0,0
484,1330000,8,4,90,3,4,0,1,0,0,0,0,0,1,0,0,0,0
485,1025000,0,4,60,3,3,0,1,0,0,0,0,0,0,0,0,0,1
486,1000000,0,4,60,2,1,0,1,0,0,0,0,0,0,0,0,0,1
487,1130000,8,4,90,3,2,0,1,0,0,0,0,0,1,0,0,0,0
488,2850000,25,4,249,3,1,0,1,0,0,0,0,0,1,0,0,0,0
489,1540000,8,5,95,3,2,0,1,0,0,0,0,0,1,0,0,0,0
490,885000,0,4,110,3,2,0,1,0,0,0,0,0,1,0,0,0,0
491,7550000,4,6,280,4,4,0,1,0,0,0,0,0,1,0,0,0,0
492,695000,8,4,50,2,3,0,1,0,0,0,0,0,0,0,0,0,0
493,1330000,8,4,90,3,4,0,1,0,0,0,0,0,1,0,0,0,0
494,760000,13,5,50,2,1,0,1,0,0,0,0,0,0,0,1,0,0
495,3650000,4,5,220,7,4,0,1,0,0,0,0,0,1,0,0,0,0
496,2150000,13,9,120,4,1,0,1,0,0,0,0,0,1,0,0,0,0
497,2450000,0,6,130,4,2,0,1,0,0,0,0,0,0,0,0,0,1
498,1230000,0,5,45,3,4,0,1,0,0,0,0,0,1,0,0,0,0
499,2500000,0,5,129,4,5,0,1,0,0,0,0,0,1,0,0,0,0
500,2000000,0,5,107,3,3,0,1,0,0,0,0,0,1,0,0,0,0
501,1275000,0,3,120,4,2,0,1,0,0,0,0,0,1,0,0,0,0
502,1950000,4,3,190,6,3,0,1,0,0,0,0,0,1,0,0,0,0
503,870000,25,4,167,4,1,0,1,0,0,0,0,0,1,0,0,0,0
504,1850000,0,6,145,4,1,0,1,0,0,0,0,0,1,0,0,0,0
505,1275000,4,3,85,3,2,0,1,0,0,0,0,0,1,0,0,0,0
506,1885000,4,3,130,5,2,0,1,0,0,0,0,0,1,0,0,0,0
507,875000,8,4,65,3,4,0,1,0,0,0,0,0,1,0,0,0,0
508,2250000,8,4,160,6,4,0,1,0,0,0,0,0,1,0,0,0,0
509,570000,25,5,95,3,1,0,1,0,0,0,0,0,1,0,0,0,0
510,929000,8,4,77,3,4,0,1,0,0,0,0,0,1,0,0,0,0
511,1199000,1,4,90,4,4,0,1,0,0,0,0,0,1,0,0,0,0
512,1750000,0,5,107,3,1,0,1,0,0,0,0,0,1,0,0,0,0
513,5770000,0,9,197,5,2,0,1,0,0,0,0,0,0,0,0,0,1
514,1820000,25,5,135,4,2,0,1,0,0,0,0,1,0,0,0,0,0
515,429000,25,5,50,2,1,0,1,0,0,0,0,0,1,0,0,0,0
516,489000,25,4,80,2,1,0,1,0,0,0,0,0,1,0,0,0,0
517,879000,0,1,75,2,1,0,1,0,0,0,0,0,1,0,0,0,0
518,1350000,2,8,55,3,5,0,1,0,0,0,0,0,1,0,0,0,0
519,928000,4,4,75,3,3,0,1,0,0,0,0,0,1,0,0,0,0
520,2500000,0,5,140,4,3,0,1,0,0,0,0,0,0,0,0,0,1
521,2400000,0,6,148,4,2,0,1,0,0,0,0,0,0,0,0,0,1
522,6225000,0,3,240,5,1,0,1,0,0,0,0,0,0,0,0,0,1
523,1535000,0,4,75,3,2,0,1,0,0,0,0,0,1,0,0,0,0
524,1235000,8,3,100,3,1,0,1,0,0,0,0,0,1,0,0,0,0
525,1350000,25,5,135,4,5,0,1,0,0,0,0,0,1,0,0,0,0
526,5000000,8,20,240,5,14,0,1,0,0,0,0,0,0,0,0,0,1
527,1100000,25,5,100,4,1,0,1,0,0,0,0,0,0,0,1,0,0
528,5500000,0,1,220,5,1,0,0,1,0,0,1,0,0,0,0,0,0
529,3350000,3,5,150,4,5,0,1,0,0,0,0,0,1,0,0,0,0
530,625000,25,2,900,5,2,0,0,1,0,0,0,0,0,0,0,1,0
531,2900000,8,5,200,6,5,0,1,0,0,0,0,0,1,0,0,0,0
532,825000,8,3,80,3,1,0,1,0,0,0,0,0,1,0,0,0,0
533,4350000,8,6,300,6,6,0,1,0,0,0,0,0,1,0,0,0,0
534,2615000,0,6,135,4,2,0,1,0,0,0,0,0,0,0,1,0,0
535,1500000,25,4,85,3,2,0,1,0,0,0,0,0,1,0,0,0,0
536,1470000,8,5,80,3,4,0,1,0,0,0,0,0,1,0,0,0,0
537,580000,25,1,120,4,1,0,1,0,0,0,0,0,1,0,0,0,0
538,1350000,8,3,140,4,1,0,1,0,0,0,0,0,1,0,0,0,0
539,1695000,13,5,150,4,3,0,1,0,0,0,0,0,1,0,0,0,0
540,500000,13,4,110,3,2,0,1,0,0,0,0,0,1,0,0,0,0
541,1500000,25,4,85,3,2,0,1,0,0,0,0,0,1,0,0,0,0
542,1470000,8,5,80,3,4,0,1,0,0,0,0,0,1,0,0,0,0
543,1360000,0,6,140,4,1,0,1,0,0,0,0,0,1,0,0,0,0
544,885000,8,4,70,2,2,0,1,0,0,0,0,0,1,0,0,0,0
545,1355000,2,3,98,4,1,0,1,0,0,0,0,0,1,0,0,0,0
546,989000,25,4,115,4,1,0,1,0,0,0,0,0,1,0,0,0,0
547,1179000,0,5,55,3,2,0,1,0,0,0,0,0,0,0,0,0,1
548,545000,25,4,120,4,4,0,1,0,0,0,0,0,1,0,0,0,0
549,910000,13,4,90,3,2,0,1,0,0,0,0,0,0,0,1,0,0
550,680000,0,3,105,3,-1,0,1,0,0,0,0,0,1,0,0,0,0
551,2900000,0,6,130,4,2,0,1,0,0,0,0,0,0,0,0,0,1
552,1425000,0,2,140,4,1,0,1,0,0,0,0,0,1,0,0,0,0
553,2379000,13,4,168,4,2,0,1,0,0,0,0,0,1,0,0,0,0
554,2210000,0,6,120,3,1,0,1,0,0,0,0,0,0,0,0,0,1
555,575000,8,2,75,4,1,0,1,0,0,0,0,0,0,0,0,1,0
556,2425000,1,4,107,3,1,0,1,0,0,0,0,0,0,0,0,0,1
557,4250000,0,4,130,4,1,0,1,0,0,0,0,0,0,0,0,0,1
558,1200000,25,5,95,3,5,0,1,0,0,0,0,0,1,0,0,0,0
559,3449000,4,6,110,3,4,0,1,0,0,0,0,0,1,0,0,0,0
560,3249000,4,6,110,3,2,0,1,0,0,0,0,0,1,0,0,0,0
561,2300000,25,2,200,5,1,0,1,0,0,0,0,0,1,0,0,0,0
562,1350000,1,7,75,3,7,0,1,0,0,0,0,0,0,0,0,0,1
563,1139000,25,5,120,4,1,0,1,0,0,0,0,0,1,0,0,0,0
564,1850000,18,3,100,4,3,0,1,0,0,0,0,0,0,0,0,1,0
565,1950000,0,3,195,5,3,0,1,0,0,0,0,0,0,0,0,0,1
566,1760000,0,8,75,3,3,0,1,0,0,0,0,0,0,0,0,0,1
567,1150000,18,5,98,3,1,0,1,0,0,0,0,0,1,0,0,0,0
568,2500000,8,5,135,4,4,0,1,0,0,0,0,0,1,0,0,0,0
569,460000,25,6,85,3,-1,0,1,0,0,0,0,0,0,0,1,0,0
570,1700000,0,4,145,4,-2,0,1,0,0,0,0,0,0,0,0,0,1
571,600000,25,4,120,3,-2,0,1,0,0,0,0,0,0,0,0,1,0
572,2492050,0,8,115,4,1,0,1,0,0,0,0,0,1,0,0,0,0
573,1000000,25,3,75,3,2,0,1,0,0,0,0,0,1,0,0,0,0
574,1150000,25,2,110,4,2,0,0,1,0,1,0,0,0,0,0,0,0
575,5499999,0,5,270,6,5,0,1,0,0,0,0,0,0,0,0,0,1
576,1420000,8,5,115,4,3,0,1,0,0,0,0,0,1,0,0,0,0
577,1750000,8,5,135,4,3,0,1,0,0,0,0,0,1,0,0,0,0
578,2540000,4,5,135,4,2,0,1,0,0,0,0,0,1,0,0,0,0
579,1835000,0,6,120,4,1,0,1,0,0,0,0,0,0,0,1,0,0
580,1530000,0,7,125,4,3,0,1,0,0,0,0,0,0,0,0,0,1
581,1730000,8,8,111,4,4,0,1,0,0,0,0,0,1,0,0,0,0
582,1300000,0,6,45,3,5,0,1,0,0,0,0,0,1,0,0,0,0
583,1030000,8,4,85,3,2,0,1,0,0,0,0,0,1,0,0,0,0
584,1275000,13,5,100,3,1,0,1,0,0,1,0,0,0,0,0,0,0
585,2500000,13,5,280000,7,5,0,1,0,0,1,0,0,0,0,0,0,0
586,1350000,18,5,140,4,2,0,1,0,0,1,0,0,0,0,0,0,0
587,5500000,0,3,140,5,3,0,0,0,1,0,0,1,0,0,0,0,0
588,2250000,0,5,135,3,5,1,0,0,0,0,0,0,1,0,0,0,0
589,2350000,0,5,155,4,5,0,1,0,0,0,0,0,1,0,0,0,0
590,1900000,18,5,120,4,5,0,1,0,0,0,0,0,1,0,0,0,0
591,1950000,18,3,170,5,3,0,1,0,0,0,0,0,1,0,0,0,0
592,690000,25,4,110,3,1,0,1,0,0,1,0,0,0,0,0,0,0
593,2600000,8,20,145,4,4,0,1,0,0,0,0,0,0,0,0,0,1
594,1625000,8,6,120,3,4,0,1,0,0,0,0,0,1,0,0,0,0
595,1675000,2,8,105,3,5,0,1,0,0,0,0,0,0,0,0,0,1
596,1350000,8,22,90,3,1,0,1,0,0,0,0,0,0,0,1,0,0
597,6200000,13,3,275,5,1,0,1,0,0,0,0,0,1,0,0,0,0
598,3250000,2,5,120,4,2,0,1,0,0,0,0,0,0,0,0,0,1
599,950000,8,4,100,3,2,0,1,0,0,0,0,0,1,0,0,0,0
600,1049000,8,3,95,4,3,0,1,0,0,0,0,0,1,0,0,0,0
601,8650000,1,6,195,5,2,0,1,0,0,0,0,0,0,0,0,0,1
602,1350000,8,10,65,2,4,0,1,0,0,0,0,0,0,0,1,0,0
603,1400000,8,3,140,4,3,0,1,0,0,0,0,0,1,0,0,0,0
604,1150000,3,4,125,3,4,0,1,0,0,0,0,0,1,0,0,0,0
605,2840000,18,10,130,4,6,0,1,0,0,0,0,0,1,0,0,0,0
606,1790000,0,14,105,4,11,0,1,0,0,0,0,0,1,0,0,0,0
607,2000000,18,10,165,4,7,0,1,0,0,0,0,0,1,0,0,0,0
608,3600000,18,4,290,9,4,0,0,1,0,0,0,0,1,0,0,0,0
609,1150000,0,3,59,3,3,0,1,0,0,0,0,0,1,0,0,0,0
610,1785000,18,8,115,4,3,0,1,0,0,0,0,0,1,0,0,0,0
611,790000,0,3,85,3,1,0,1,0,0,0,0,0,1,0,0,0,0
612,3150000,3,5,250,6,5,0,1,0,0,0,0,0,1,0,0,0,0
613,1800000,4,3,170,5,3,0,1,0,0,0,0,0,1,0,0,0,0
614,2500000,4,3,200,6,3,0,1,0,0,0,0,0,1,0,0,0,0
615,2300000,4,3,330,5,3,0,1,0,0,0,0,0,1,0,0,0,0
616,1485000,0,3,117,4,2,0,1,0,0,0,0,0,1,0,0,0,0
617,1550000,0,3,115,3,2,0,1,0,0,0,0,0,1,0,0,0,0
618,1450000,1,3,115,3,1,0,1,0,0,0,0,0,1,0,0,0,0
619,2650000,18,5,230,6,5,1,0,0,0,0,0,0,1,0,0,0,0
620,1400000,25,5,90,3,3,0,1,0,0,0,0,0,1,0,0,0,0
621,1400000,0,3,98,3,3,0,1,0,0,0,0,0,1,0,0,0,0
622,5499999,0,5,270,6,5,0,1,0,0,0,0,0,0,0,0,0,1
623,760000,25,4,65,2,2,0,1,0,0,0,0,0,0,0,0,0,0
624,1550000,0,3,115,4,3,0,1,0,0,0,0,0,1,0,0,0,0
625,1450000,0,3,115,4,3,0,1,0,0,0,0,0,1,0,0,0,0
626,2650000,18,5,200,5,5,0,1,0,0,0,0,0,1,0,0,0,0
627,1825000,0,3,200,6,3,0,1,0,0,0,0,0,1,0,0,0,0
628,800000,1,4,31,2,1,0,1,0,0,0,0,0,0,0,0,0,1
629,1150000,4,5,60,3,5,0,1,0,0,0,0,0,1,0,0,0,0
630,1149000,1,5,40,3,3,0,1,0,0,0,0,0,1,0,0,0,0
631,829000,1,6,40,2,5,0,1,0,0,0,0,0,0,0,0,0,1
632,5150000,2,5,120,4,4,0,1,0,0,0,0,0,1,0,0,0,0
633,1549000,3,3,118,4,1,0,1,0,0,0,0,0,1,0,0,0,0
634,5750000,1,2,142,5,2,0,0,1,0,0,0,0,1,0,0,0,0
635,640000,25,4,120,4,4,0,1,0,0,0,0,0,1,0,0,0,0
636,600000,25,5,92,3,3,0,1,0,0,0,0,0,1,0,0,0,0
637,960000,8,4,65,3,4,0,1,0,0,0,0,0,1,0,0,0,0
638,1675000,13,9,120,4,6,0,1,0,0,0,0,0,1,0,0,0,0
639,1690000,8,5,120,4,4,0,1,0,0,0,0,0,1,0,0,0,0
640,700000,25,5,100,3,1,0,1,0,0,0,0,0,1,0,0,0,0
641,2900000,13,4,135,4,3,0,1,0,0,0,0,0,1,0,0,0,0
642,2300000,0,6,142,4,3,0,1,0,0,0,0,0,1,0,0,0,0
643,2450000,13,3,130,4,2,0,1,0,0,0,0,0,1,0,0,0,0
644,885000,25,5,110,3,3,0,1,0,0,0,0,0,1,0,0,0,0
645,1600000,8,3,120,4,3,0,1,0,0,0,0,0,1,0,0,0,0
646,3150000,0,1,75,3,1,0,1,0,0,0,0,0,0,0,0,1,0
647,1350000,8,3,110,3,2,0,1,0,0,0,0,0,1,0,0,0,0
648,2300000,13,6,250,6,5,0,1,0,0,0,0,0,1,0,0,0,0
649,650000,25,4,120,5,1,0,1,0,0,0,0,0,1,0,0,0,0
650,1870000,4,12,125,4,3,0,1,0,0,0,0,0,1,0,0,0,0
651,1250000,25,4,270,5,4,0,0,1,0,0,0,0,1,0,0,0,0
652,1100000,13,5,110,3,1,0,1,0,0,0,0,0,1,0,0,0,0
653,5250000,3,21,90,3,17,0,1,0,0,0,0,0,0,0,1,0,0
654,1300000,0,3,110,4,1,0,1,0,0,0,0,0,0,0,0,0,1
655,250000,25,1,88,3,1,0,1,0,0,0,0,0,0,0,0,0,0
656,3275000,8,6,185,5,6,0,1,0,0,0,0,0,0,0,1,0,0
657,1950000,8,11,92,3,7,0,1,0,0,0,0,0,0,0,1,0,0
658,4250000,8,13,160,4,13,0,1,0,0,0,0,0,0,0,0,0,1
659,3100000,4,7,119,4,1,0,1,0,0,0,0,0,1,0,0,0,0
660,5580000,4,7,200,5,7,0,1,0,0,0,0,0,0,0,1,0,0
661,1960000,8,5,140,4,3,0,1,0,0,0,0,0,1,0,0,0,0
662,4200000,4,6,140,4,3,0,1,0,0,0,0,0,0,0,1,0,0
663,1720000,0,6,95,3,2,0,1,0,0,0,0,0,1,0,0,0,0
664,760000,25,5,110,4,3,0,1,0,0,0,0,0,0,0,0,1,0
665,2200000,25,3,100,9,3,0,0,1,0,0,0,0,1,0,0,0,0
666,1265000,8,4,100,3,4,0,1,0,0,0,0,0,1,0,0,0,0
667,2290000,8,6,140,4,4,0,1,0,0,0,0,0,1,0,0,0,0
668,2380000,13,4,150,4,3,0,1,0,0,0,0,0,1,0,0,0,0
669,2340000,0,7,117,4,4,0,1,0,0,0,0,0,0,0,0,0,1
670,2350000,3,5,125,4,2,0,1,0,0,0,0,0,0,0,0,0,1
671,2600000,0,6,145,4,4,0,1,0,0,0,0,0,1,0,0,0,0
672,1900000,25,5,150,4,3,0,1,0,0,0,0,0,1,0,0,0,0
673,3950000,8,7,140,5,4,0,1,0,0,0,0,0,1,0,0,0,0
674,7450000,18,4,350,7,4,0,1,0,0,0,0,0,1,0,0,0,0
675,2000000,13,5,125,4,2,0,1,0,0,0,0,0,1,0,0,0,0
676,6750000,18,3,300,8,3,0,1,0,0,0,0,0,1,0,0,0,0
677,2100000,13,9,145,4,6,0,1,0,0,0,0,0,1,0,0,0,0
678,495000,18,4,75,3,-1,0,1,0,0,0,0,0,1,0,0,0,0
679,1200000,8,4,90,3,4,1,0,0,0,0,0,0,1,0,0,0,0
680,1450000,1,3,150,4,3,0,1,0,0,0,0,0,1,0,0,0,0
681,1020000,1,3,65,3,1,0,1,0,0,0,0,0,1,0,0,0,0
682,1300000,0,6,120,4,1,0,1,0,0,0,0,0,0,0,0,0,1
683,1550000,0,3,155,4,3,1,0,0,0,0,0,0,1,0,0,0,0
684,1250000,4,3,100,4,1,0,1,0,0,0,0,0,1,0,0,0,0
685,1550000,0,6,105,4,4,0,1,0,0,0,0,0,0,0,1,0,0
686,5000000,0,2,210,5,2,1,0,0,0,0,0,0,0,0,0,0,1
687,1250000,4,3,138,4,1,0,1,0,0,0,0,0,1,0,0,0,0
688,620000,25,6,80,3,2,0,1,0,0,1,0,0,0,0,0,0,0
689,1800000,4,3,200,5,2,0,1,0,0,0,0,0,1,0,0,0,0
690,1125000,1,1,75,3,1,0,1,0,0,0,0,0,1,0,0,0,0
691,1400000,4,3,150,4,3,0,1,0,0,0,0,0,1,0,0,0,0
692,2850000,13,11,130,4,6,0,1,0,0,0,0,0,0,0,0,0,1
693,1140000,0,5,60,3,2,0,1,0,0,0,0,0,1,0,0,0,0
694,1300000,4,2,100,3,1,0,1,0,0,0,0,0,1,0,0,0,0
695,1100000,18,5,90,3,3,0,1,0,0,0,0,0,1,0,0,0,0
696,1075000,25,6,145,4,3,0,1,0,0,0,0,0,1,0,0,0,0
697,875000,25,6,95,3,2,0,1,0,0,0,0,0,1,0,0,0,0
698,540000,25,2,85,3,2,0,1,0,0,0,0,1,0,0,0,0,0
699,950000,0,5,61,3,5,0,1,0,0,0,0,0,1,0,0,0,0
700,885000,25,4,75,3,2,0,1,0,0,0,0,1,0,0,0,0,0
701,1350000,25,6,100,3,1,0,1,0,0,0,0,0,0,0,0,0,1
702,1580000,2,5,80,3,2,0,1,0,0,0,0,0,1,0,0,0,0
703,2100000,2,5,160,5,5,0,1,0,0,0,0,0,1,0,0,0,0
704,840000,0,7,95,4,3,0,1,0,0,0,0,0,1,0,0,0,0
705,1150000,0,3,55,3,2,0,1,0,0,0,0,0,1,0,0,0,0
706,1540000,8,5,95,3,2,0,1,0,0,0,0,0,1,0,0,0,0
707,1540000,8,5,95,3,2,0,1,0,0,0,0,0,1,0,0,0,0
708,3490000,8,6,190,5,6,0,1,0,0,0,0,0,1,0,0,0,0
709,1025000,0,5,60,3,3,0,1,0,0,0,0,0,0,0,0,0,1
710,2550000,4,5,115,4,1,0,1,0,0,0,0,0,1,0,0,0,0
711,975000,8,4,65,3,1,0,1,0,0,0,0,0,1,0,0,0,0
712,1270000,8,4,90,3,4,0,1,0,0,0,0,0,1,0,0,0,0
713,800000,8,4,70,3,1,0,1,0,0,0,0,0,1,0,0,0,0
714,1000000,0,4,50,2,2,0,1,0,0,0,0,0,0,0,0,0,1
715,890000,8,4,60,3,2,0,1,0,0,0,0,0,1,0,0,0,0
716,829000,8,4,60,3,4,0,1,0,0,0,0,0,1,0,0,0,0
717,1250000,1,8,45,3,4,0,1,0,0,0,0,0,0,0,0,0,1
718,4500000,8,4,240,4,3,0,1,0,0,0,0,0,1,0,0,0,0
719,575000,25,5,115,3,1,0,1,0,0,0,0,0,1,0,0,0,0
720,1290000,0,4,120,4,2,0,1,0,0,0,0,0,0,0,0,0,1
721,380000,8,2,75,3,-1,0,1,0,0,0,0,0,1,0,0,0,0
722,2175000,13,4,138,4,2,0,1,0,0,0,0,0,1,0,0,0,0
723,4150000,8,7,135,4,3,0,1,0,0,0,0,0,1,0,0,0,0
724,1185000,3,5,80,3,3,0,1,0,0,0,0,0,1,0,0,0,0
725,2190000,0,8,130,4,1,0,1,0,0,0,0,0,1,0,0,0,0
726,980000,25,5,120,4,2,0,1,0,0,0,0,0,1,0,0,0,0
727,1670000,8,6,125,4,6,0,1,0,0,0,0,0,1,0,0,0,0
728,980000,0,4,97,3,3,0,1,0,0,0,0,0,1,0,0,0,0
729,950000,0,4,97,3,2,0,1,0,0,0,0,0,1,0,0,0,0
730,1370000,3,5,75,3,1,0,1,0,0,0,0,0,1,0,0,0,0
731,685000,18,5,85,3,1,0,1,0,0,0,0,0,1,0,0,0,0
732,1600000,0,4,150,4,2,0,1,0,0,0,0,0,1,0,0,0,0
733,1600000,0,7,110,4,4,0,1,0,0,0,0,0,0,0,0,0,1
734,790000,8,4,50,2,2,0,1,0,0,0,0,0,1,0,0,0,0
735,730000,8,5,50,2,3,0,1,0,0,0,0,0,1,0,0,0,0
736,700000,8,4,55,2,1,0,1,0,0,0,0,0,1,0,0,0,0
737,950000,1,5,58,2,1,0,1,0,0,0,0,0,1,0,0,0,0
738,1020000,4,5,85,3,3,0,1,0,0,0,0,0,1,0,0,0,0
739,760000,8,5,60,3,2,0,1,0,0,0,0,0,1,0,0,0,0
740,1575000,0,2,145,4,2,0,1,0,0,0,0,0,1,0,0,0,0
741,2150000,8,4,110,4,1,0,1,0,0,0,0,0,1,0,0,0,0
742,1150000,3,3,125,3,2,0,1,0,0,0,0,0,1,0,0,0,0
743,1999000,8,4,150,4,3,0,1,0,0,0,0,0,1,0,0,0,0
744,695000,25,3,75,3,3,0,1,0,0,0,0,0,1,0,0,0,0
745,1700000,13,6,120,4,1,0,1,0,0,0,0,0,1,0,0,0,0
746,690000,25,2,100,3,1,0,1,0,0,1,0,0,0,0,0,0,0
747,1750000,18,1,85,3,1,0,1,0,0,0,0,0,0,0,0,1,0
748,950000,25,6,100,3,3,0,1,0,0,0,0,0,1,0,0,0,0
749,2350000,8,3,100,3,1,0,1,0,0,0,0,0,1,0,0,0,0
750,1350000,25,5,135,4,4,0,1,0,0,0,0,0,1,0,0,0,0
751,600000,18,4,100,4,4,0,1,0,0,0,0,0,1,0,0,0,0
752,1950000,18,1,120,3,1,0,1,0,0,0,0,0,0,0,0,1,0
753,2150000,25,6,115,4,3,0,1,0,0,0,0,0,1,0,0,0,0
754,2650000,8,5,135,4,1,0,1,0,0,0,0,0,0,0,0,0,1
755,850000,25,5,80,3,4,0,1,0,0,0,0,0,1,0,0,0,0
756,2599000,8,5,145,4,2,0,1,0,0,0,0,0,1,0,0,0,0
757,1300000,0,4,130,4,2,0,1,0,0,0,0,0,1,0,0,0,0
758,2100000,0,6,148,4,1,0,1,0,0,0,0,0,0,0,0,0,1
759,780000,13,5,135,4,3,0,1,0,0,0,0,0,1,0,0,0,0
760,430000,18,4,110,3,1,0,1,0,0,0,0,0,0,0,0,1,0
761,1600000,8,4,230,6,4,1,0,0,0,0,0,0,1,0,0,0,0
762,1430000,13,5,135,4,5,0,1,0,0,0,0,0,1,0,0,0,0
763,1150000,8,5,60,3,1,0,1,0,0,0,0,0,1,0,0,0,0
764,1300000,1,4,155,4,1,0,1,0,0,0,0,0,0,0,0,0,1
765,1850000,0,5,130,4,1,0,1,0,0,0,0,0,1,0,0,0,0
766,1375000,18,5,95,3,3,0,1,0,0,0,0,0,1,0,0,0,0
767,799000,25,5,85,3,5,0,1,0,0,0,0,0,1,0,0,0,0
768,4350000,4,8,155,5,7,0,1,0,0,0,0,0,1,0,0,0,0
769,1425000,2,5,90,3,4,0,1,0,0,0,0,0,1,0,0,0,0
770,2275000,1,6,125,4,2,0,1,0,0,0,0,0,1,0,0,0,0
771,1200000,8,3,115,4,2,0,1,0,0,0,0,0,1,0,0,0,0
772,3560000,2,3,180,5,2,0,1,0,0,0,0,0,1,0,0,0,0
773,1620000,25,4,130,4,1,0,1,0,0,0,0,0,1,0,0,0,0
774,910000,8,5,60,3,5,1,0,0,0,0,0,0,1,0,0,0,0
775,1750000,0,3,176,5,3,1,0,0,0,0,0,0,1,0,0,0,0
776,1075000,13,1,95,3,1,0,1,0,0,0,0,0,0,0,0,1,0
777,780000,25,4,120,4,3,0,1,0,0,0,0,0,1,0,0,0,0
778,550000,25,5,120,4,5,0,1,0,0,0,0,0,1,0,0,0,0
779,2100000,3,15,115,4,1,0,1,0,0,0,0,0,1,0,0,0,0
780,3750000,25,2,120,3,1,0,1,0,0,0,0,0,1,0,0,0,0
781,1539000,8,5,100,3,3,0,1,0,0,0,0,0,1,0,0,0,0
782,1039000,1,7,50,2,7,0,1,0,0,0,0,0,1,0,0,0,0
783,999000,3,5,70,3,1,0,1,0,0,0,0,0,1,0,0,0,0
784,1600000,8,5,135,4,1,0,1,0,0,0,0,0,1,0,0,0,0
785,3750000,18,3,260,6,1,0,1,0,0,0,0,0,1,0,0,0,0
786,735000,25,5,65,3,5,0,1,0,0,0,0,0,1,0,0,0,0
787,3300000,4,6,110,3,2,0,1,0,0,0,0,0,0,0,0,0,1
788,5500000,8,6,275,6,5,0,1,0,0,0,0,0,0,0,0,0,1
789,2300000,3,2,135,4,2,0,1,0,0,0,0,0,1,0,0,0,0
790,1530000,8,3,125,4,3,0,1,0,0,0,0,0,1,0,0,0,0
791,705000,8,5,40,2,1,0,1,0,0,0,0,0,0,0,1,0,0
792,1900000,0,3,140,4,3,0,1,0,0,0,0,0,0,0,0,0,1
793,1450000,0,3,85,3,1,0,1,0,0,0,0,0,1,0,0,0,0
794,2060000,3,13,110,4,5,0,1,0,0,0,0,0,1,0,0,0,0
795,1850000,2,7,132,4,7,0,1,0,0,0,0,0,1,0,0,0,0
796,2500000,2,5,135,4,3,0,1,0,0,0,0,0,1,0,0,0,0
797,2569000,25,5,160,5,3,0,1,0,0,0,0,0,0,0,1,0,0
798,1050000,25,2,90,3,2,0,1,0,0,0,0,0,1,0,0,0,0
799,1570000,4,3,105,3,-1,0,1,0,0,0,0,0,1,0,0,0,0
800,7250000,18,3,250,8,3,0,0,0,1,0,0,1,0,0,0,0,0
801,1800000,25,5,100,4,3,0,1,0,0,0,0,0,1,0,0,0,0
802,1550000,13,3,135,4,1,0,1,0,0,0,0,0,0,0,0,1,0
803,1280000,4,4,110,3,4,0,1,0,0,0,0,0,1,0,0,0,0
804,1500000,25,5,70,3,5,0,1,0,0,0,0,0,1,0,0,0,0
805,1000000,2,5,45,2,1,0,1,0,0,0,0,0,0,0,0,0,1
806,2750000,0,8,145,4,3,0,1,0,0,0,0,0,1,0,0,0,0
807,170000,25,1,60,3,1,0,0,1,0,0,0,0,0,0,0,1,0
808,999000,0,5,50,2,4,0,1,0,0,0,0,0,0,0,0,0,1
809,999000,0,5,60,3,3,0,1,0,0,0,0,0,0,0,0,0,1
810,2250000,8,3,129,3,1,0,1,0,0,0,0,0,1,0,0,0,0
811,2450000,8,10,135,4,8,0,1,0,0,0,0,0,0,0,1,0,0
812,1110000,13,5,95,3,1,0,1,0,0,0,0,0,1,0,0,0,0
813,2250000,18,4,180,5,2,0,1,0,0,0,0,0,1,0,0,0,0
814,1050000,0,4,135,4,1,0,1,0,0,0,0,0,1,0,0,0,0
815,800000,25,5,100,3,2,0,1,0,0,0,0,0,1,0,0,0,0
816,985000,8,5,65,3,4,0,1,0,0,0,0,0,1,0,0,0,0
817,985000,8,5,60,3,4,0,1,0,0,0,0,0,1,0,0,0,0
818,785000,8,5,38,2,1,0,1,0,0,0,0,0,1,0,0,0,0
819,2200000,4,4,220,8,4,0,1,0,0,0,0,0,1,0,0,0,0
820,1349000,8,3,99,3,2,0,1,0,0,0,0,0,1,0,0,0,0
821,988000,8,3,85,3,2,0,1,0,0,0,0,0,1,0,0,0,0
822,1250000,25,5,99,3,3,0,1,0,0,0,0,0,1,0,0,0,0
823,2700000,13,8,145,4,2,0,1,0,0,0,0,0,1,0,0,0,0
824,770000,8,5,100,3,1,0,1,0,0,0,0,0,1,0,0,0,0
825,1850000,4,7,110,3,7,0,1,0,0,0,0,0,0,0,1,0,0
826,2650000,8,6,180,4,6,0,1,0,0,0,0,0,1,0,0,0,0
827,670000,25,5,75,2,2,0,1,0,0,0,0,0,1,0,0,0,0
828,1800000,4,5,160,5,5,0,1,0,0,0,0,0,1,0,0,0,0
829,2540000,8,4,135,4,4,0,1,0,0,0,0,0,1,0,0,0,0
830,1650000,0,8,120,4,3,0,1,0,0,0,0,0,0,0,0,0,1
831,1250000,0,8,100,3,2,0,1,0,0,0,0,0,0,0,0,0,1
832,1930000,4,5,160,4,5,0,1,0,0,0,0,0,1,0,0,0,0
833,2465000,1,7,190,4,6,0,1,0,0,0,0,0,0,0,0,0,1
834,1960000,3,14,110,4,3,0,1,0,0,0,0,0,1,0,0,0,0
835,3140000,18,3,200,5,1,0,1,0,0,0,0,0,1,0,0,0,0
836,4200000,0,9,168,4,5,0,1,0,0,0,0,0,1,0,0,0,0
837,1690000,8,6,125,4,6,0,1,0,0,0,0,0,0,0,0,0,1
838,1150000,0,2,109,4,1,0,1,0,0,0,0,0,1,0,0,0,0
839,1790000,13,4,103,4,2,0,1,0,0,0,0,0,1,0,0,0,0
840,760000,25,4,70,3,3,0,1,0,0,1,0,0,0,0,0,0,0
841,1475000,0,4,120,4,1,0,1,0,0,0,0,0,0,0,0,0,1
842,1200000,1,3,130,3,3,0,1,0,0,0,0,0,1,0,0,0,0
843,660000,25,5,125,4,2,0,1,0,0,0,0,0,1,0,0,0,0
844,2800000,8,5,145,5,2,0,1,0,0,0,0,0,1,0,0,0,0
845,950000,2,4,60,2,1,0,1,0,0,0,0,0,1,0,0,0,0
846,2150000,0,5,140,4,3,0,1,0,0,0,0,0,1,0,0,0,0
847,2500000,4,2,140,5,2,1,0,0,0,0,0,0,1,0,0,0,0
848,930000,0,4,140,4,1,0,1,0,0,0,0,0,1,0,0,0,0
849,1775000,4,13,98,3,4,0,1,0,0,0,0,0,1,0,0,0,0
850,1465000,0,5,82,3,1,0,1,0,0,0,0,0,1,0,0,0,0
851,2490000,25,4,100,3,3,0,1,0,0,0,0,1,0,0,0,0,0
852,1400000,25,3,150,5,3,0,0,0,1,0,0,0,0,0,0,0,0
853,2710000,0,3,177,5,2,0,1,0,0,0,0,0,0,0,0,0,1
854,8200000,13,4,280,6,1,0,1,0,0,0,0,0,1,0,0,0,0
855,3500000,8,6,240,6,6,0,1,0,0,0,0,0,1,0,0,0,0
856,1229000,4,5,75,3,3,0,1,0,0,0,0,0,1,0,0,0,0
857,755000,8,3,50,2,1,0,1,0,0,0,0,0,1,0,0,0,0
858,1750000,0,5,85,3,3,0,1,0,0,0,0,0,1,0,0,0,0
859,1500000,0,5,85,3,2,0,1,0,0,0,0,0,1,0,0,0,0
860,1200000,0,5,65,3,2,0,1,0,0,0,0,0,0,0,0,0,1
861,1450000,13,5,155,4,3,0,1,0,0,0,0,0,1,0,0,0,0
862,1320000,25,3,150,5,3,0,1,0,0,0,0,0,1,0,0,0,0
863,5600000,8,6,187,5,1,0,1,0,0,0,0,0,1,0,0,0,0
864,1800000,8,4,130,4,1,0,1,0,0,0,0,0,1,0,0,0,0
865,9500000,13,3,250,6,1,0,1,0,0,0,1,0,0,0,0,0,0
866,1695000,25,9,105,4,2,0,1,0,0,0,0,0,0,0,1,0,0
867,6150000,0,3,180,5,2,0,1,0,0,0,0,0,1,0,0,0,0
868,1550000,8,4,152,5,3,0,1,0,0,0,0,0,1,0,0,0,0
869,1480000,13,11,120,4,3,0,1,0,0,0,0,0,0,0,1,0,0
870,9100000,0,6,201,5,2,0,1,0,0,0,0,0,0,0,0,0,1
871,1050000,13,11,80,3,8,0,1,0,0,0,0,0,1,0,0,0,0
872,2585000,8,6,130,4,1,0,1,0,0,0,0,0,0,0,1,0,0
873,2650000,0,5,152,4,2,0,1,0,0,0,0,0,0,0,0,0,1
874,8750000,25,4,460,7,1,0,1,0,0,0,0,0,0,0,0,0,1
875,1465000,8,6,65,2,2,0,1,0,0,0,0,0,1,0,0,0,0
876,2250000,18,4,229,7,3,0,1,0,0,0,0,0,1,0,0,0,0
877,2950000,2,8,120,4,6,0,1,0,0,0,0,0,1,0,0,0,0
878,1890000,8,6,125,4,1,0,1,0,0,0,0,0,1,0,0,0,0
879,2425000,8,8,122,4,5,0,1,0,0,0,0,0,1,0,0,0,0
880,700000,18,4,100,3,3,0,1,0,0,0,0,0,1,0,0,0,0
881,1635000,25,9,120,4,1,0,1,0,0,0,0,0,1,0,0,0,0
882,2155000,8,5,128,4,3,0,1,0,0,0,0,0,1,0,0,0,0
883,1150000,8,5,89,4,2,0,1,0,0,0,0,0,1,0,0,0,0
884,2195000,1,4,122,4,4,0,1,0,0,0,0,0,1,0,0,0,0
885,1425000,0,6,126,4,1,0,1,0,0,0,0,0,1,0,0,0,0
886,1220000,0,3,65,3,2,0,1,0,0,0,0,0,0,0,0,0,1
887,4250000,25,7,120,4,2,0,1,0,0,0,0,0,1,0,0,0,0
888,1350000,0,4,104,4,3,0,1,0,0,0,0,0,0,0,0,0,1
889,2650000,13,8,145,4,4,0,1,0,0,0,0,0,1,0,0,0,0
890,3000000,8,2,180,5,2,0,1,0,0,0,0,0,0,0,0,0,1
891,1700000,0,11,60,2,7,0,1,0,0,0,0,0,1,0,0,0,0
892,1850000,3,5,145,4,2,0,1,0,0,0,0,0,0,0,0,0,1
893,1675000,25,2,100,4,1,0,1,0,0,0,0,0,1,0,0,0,0
894,1190000,13,5,105,3,2,0,1,0,0,0,0,0,1,0,0,0,0
895,1250000,8,5,145,4,1,0,1,0,0,0,0,0,1,0,0,0,0
896,1095000,0,3,80,3,1,0,1,0,0,0,0,0,1,0,0,0,0
897,1200000,0,2,115,3,2,0,1,0,0,0,0,0,1,0,0,0,0
898,4250000,1,7,260,7,7,0,1,0,0,0,0,0,0,0,0,0,1
899,2295000,8,7,130,4,6,0,1,0,0,0,0,0,1,0,0,0,0
900,1175000,8,3,120,4,3,0,1,0,0,0,0,0,1,0,0,0,0
901,1350000,0,3,120,4,2,0,1,0,0,0,0,0,0,0,1,0,0
902,790000,13,5,90,3,2,0,1,0,0,1,0,0,0,0,0,0,0
903,1800000,25,2,85,5,1,0,1,0,0,0,0,0,1,0,0,0,0
904,3150000,4,4,200,5,3,0,1,0,0,0,0,0,1,0,0,0,0
905,2250000,18,5,135,4,5,0,1,0,0,0,0,0,1,0,0,0,0
906,1275000,4,3,100,4,1,0,1,0,0,0,0,0,1,0,0,0,0
907,490000,18,5,90,3,3,0,1,0,0,0,0,0,0,0,1,0,0
908,900000,18,4,95,3,3,0,1,0,0,0,0,0,1,0,0,0,0
909,1800000,8,7,135,4,3,0,1,0,0,0,0,0,1,0,0,0,0
910,2100000,18,5,140,4,2,0,1,0,0,0,0,0,1,0,0,0,0
911,2975000,0,6,157,5,6,0,1,0,0,0,0,0,1,0,0,0,0
912,1300000,8,4,90,3,1,0,1,0,0,0,0,0,1,0,0,0,0
913,1550000,18,5,120,4,2,0,1,0,0,0,0,0,1,0,0,0,0
914,2150000,0,5,140,4,5,0,1,0,0,0,0,0,0,0,0,0,1
915,1200000,0,3,88,3,2,0,1,0,0,0,0,0,1,0,0,0,0
916,1100000,0,3,60,3,1,0,1,0,0,0,0,0,1,0,0,0,0
917,2200000,13,3,155,5,3,0,1,0,0,0,0,0,1,0,0,0,0
918,1600000,0,3,190,5,3,0,1,0,0,0,0,0,1,0,0,0,0
919,1175000,4,3,90,3,3,0,1,0,0,0,0,0,1,0,0,0,0
920,1050000,8,4,65,3,-1,0,1,0,0,0,0,0,1,0,0,0,0
921,1250000,8,4,100,4,4,0,1,0,0,0,0,0,1,0,0,0,0
922,2000000,8,3,210,6,3,0,1,0,0,0,0,0,1,0,0,0,0
923,2550000,3,5,115,4,1,0,1,0,0,0,0,0,1,0,0,0,0
924,1650000,1,3,220,6,3,0,1,0,0,0,0,0,1,0,0,0,0
925,785000,25,6,100,3,5,0,1,0,0,0,0,0,1,0,0,0,0
926,3500000,8,5,165,4,4,0,1,0,0,0,0,0,1,0,0,0,0
927,2500000,8,5,105,3,1,0,1,0,0,0,0,0,1,0,0,0,0
928,4000000,0,8,300,5,8,0,1,0,0,0,0,0,0,0,0,0,1
929,2500000,13,5,220,5,5,1,0,0,0,0,0,0,1,0,0,0,0
930,1360000,0,3,85,3,3,0,1,0,0,0,0,0,1,0,0,0,0
931,659000,25,4,100,4,3,0,1,0,0,0,0,0,1,0,0,0,0
932,2360000,8,5,140,4,1,0,1,0,0,0,0,0,1,0,0,0,0
933,1300000,25,5,130,4,4,0,1,0,0,0,0,0,1,0,0,0,0
934,1760000,8,5,88,3,1,0,1,0,0,0,0,0,1,0,0,0,0
935,1990000,13,4,155,4,3,0,1,0,0,0,0,0,1,0,0,0,0
936,935000,0,4,140,4,2,0,1,0,0,0,0,0,1,0,0,0,0
937,1350000,25,2,521,6,1,0,1,0,0,0,0,0,0,0,0,1,0
938,1100000,4,4,128,4,4,1,0,0,0,0,0,0,1,0,0,0,0
939,1200000,0,4,70,3,1,0,1,0,0,0,0,0,1,0,0,0,0
940,1200000,8,2,70,3,2,0,1,0,0,0,0,0,1,0,0,0,0
941,4600000,13,2,302,7,1,0,1,0,0,0,1,0,0,0,0,0,0
942,4750000,18,3,300,8,1,0,1,0,0,0,1,0,0,0,0,0,0
943,7850000,8,2,235,6,2,0,1,0,0,0,0,0,1,0,0,0,0
944,5750000,8,3,263,7,1,0,1,0,0,0,0,0,0,0,0,0,1
945,1550000,4,4,115,4,1,0,1,0,0,0,0,0,1,0,0,0,0
946,1575000,25,4,100,4,4,0,1,0,0,0,0,0,1,0,0,0,0
947,5600000,25,2,240,6,1,0,1,0,0,0,0,0,1,0,0,0,0
948,4710000,0,15,104,4,15,0,1,0,0,0,0,0,0,0,0,0,1
949,1850000,4,4,100,3,2,0,1,0,0,0,0,0,1,0,0,0,0
950,2890000,3,10,120,4,4,0,1,0,0,0,0,0,1,0,0,0,0
951,2150000,8,15,90,3,7,0,1,0,0,0,0,0,0,0,0,0,1
952,4000000,0,16,132,4,3,0,1,0,0,0,0,0,0,0,0,0,1
953,1650000,4,4,125,4,3,0,1,0,0,0,0,0,1,0,0,0,0
954,2450000,0,5,130,4,4,0,1,0,0,0,0,0,0,0,0,0,1
955,4150000,8,3,240,7,1,0,1,0,0,0,0,0,1,0,0,0,0
956,3090000,0,5,166,5,5,0,1,0,0,0,0,0,1,0,0,0,0
957,1799000,8,3,125,4,1,0,1,0,0,0,0,0,1,0,0,0,0
958,6950000,4,10,250,5,10,0,1,0,0,0,0,0,0,0,0,0,1
959,2975000,13,9,135,4,2,0,1,0,0,0,0,0,1,0,0,0,0
960,3400000,8,5,260,6,5,0,1,0,0,0,0,0,1,0,0,0,0
961,1325000,1,5,49,3,5,0,1,0,0,0,0,0,1,0,0,0,0
962,4150000,4,1,80,1,1,0,1,0,0,0,0,0,0,0,0,1,0
963,3000000,4,7,250,7,7,0,1,0,0,0,0,0,1,0,0,0,0
964,2900000,13,2,200,6,1,0,1,0,0,0,0,0,1,0,0,0,0
965,4950000,13,5,150,4,4,0,1,0,0,0,0,0,1,0,0,0,0
966,3175000,3,8,161,4,8,0,1,0,0,0,0,0,0,0,0,0,1
967,3000000,18,4,249,7,4,0,0,0,1,0,0,0,1,0,0,0,0
968,1450000,0,5,110,4,3,0,1,0,0,0,0,0,1,0,0,0,0
969,1605000,8,5,115,4,1,0,1,0,0,0,0,0,1,0,0,0,0
970,1590000,8,6,125,4,6,1,0,0,0,0,0,0,1,0,0,0,0
971,1825000,0,3,202,5,3,0,1,0,0,0,0,0,1,0,0,0,0
972,9200000,0,5,201,5,4,0,1,0,0,0,0,0,0,0,0,0,1
973,2680000,0,4,150,4,3,0,1,0,0,0,0,0,1,0,0,0,0
974,5999999,25,3,280,6,3,0,0,0,1,0,0,0,1,0,0,0,0
975,880000,13,4,75,3,4,0,1,0,0,0,0,0,0,0,1,0,0
976,2300000,8,5,180,5,1,0,1,0,0,0,0,0,1,0,0,0,0
977,2890000,3,8,250,5,8,1,0,0,0,0,0,0,1,0,0,0,0
978,1670000,2,4,130,4,1,0,1,0,0,0,0,0,1,0,0,0,0
979,1400000,25,5,140,4,1,0,1,0,0,0,0,0,1,0,0,0,0
980,360000,25,4,120,4,4,0,1,0,0,0,0,0,1,0,0,0,0
981,1200000,13,6,95,3,1,0,1,0,0,0,0,0,1,0,0,0,0
982,1885000,8,21,205,5,11,0,1,0,0,0,0,0,1,0,0,0,0
983,4500000,25,5,180,4,1,0,1,0,0,0,0,0,1,0,0,0,0
984,899000,8,4,60,3,4,0,1,0,0,0,0,0,1,0,0,0,0
985,1800000,3,7,108,4,1,0,1,0,0,0,0,0,1,0,0,0,0
986,1750000,25,3,110,4,1,0,1,0,0,0,0,1,0,0,0,0,0
987,1590000,2,3,130,4,2,0,1,0,0,0,0,0,1,0,0,0,0
988,3500000,8,4,240,6,4,0,1,0,0,0,0,0,1,0,0,0,0
989,3590000,2,9,166,5,1,0,1,0,0,0,0,0,0,0,1,0,0
990,1850000,13,4,138,4,4,0,1,0,0,0,0,0,0,0,1,0,0
991,2250000,8,3,250,6,3,0,1,0,0,0,0,0,1,0,0,0,0
992,5750000,13,3,280,5,1,0,1,0,0,0,0,0,0,0,0,0,1
993,4750000,0,3,310,8,1,0,1,0,0,0,0,1,0,0,0,0,0
994,1885000,13,5,148,4,5,0,1,0,0,0,0,0,1,0,0,0,0
995,4050000,8,5,205,5,5,0,1,0,0,0,0,0,1,0,0,0,0
996,4600000,4,5,260,6,5,0,1,0,0,0,0,0,1,0,0,0,0
997,1300000,1,5,75,3,3,0,1,0,0,0,0,0,1,0,0,0,0
998,2500000,4,4,150,4,1,0,1,0,0,0,0,0,1,0,0,0,0
999,8320000,13,14,200,5,12,0,1,0,0,0,0,0,1,0,0,0,0
1000,4125000,8,4,190,4,4,0,1,0,0,0,0,0,1,0,0,0,0
1001,1650000,0,6,127,4,1,0,1,0,0,0,0,0,0,0,0,0,1
1002,3350000,8,3,197,4,3,0,1,0,0,0,0,0,1,0,0,0,0
1003,1702000,8,5,240,5,5,0,1,0,0,0,0,0,1,0,0,0,0
1004,1720000,0,3,145,4,3,0,1,0,0,0,0,0,0,0,0,0,1
1005,1990000,4,4,110,4,2,0,1,0,0,0,0,0,1,0,0,0,0
1006,3000000,18,4,249,7,4,0,0,0,1,0,0,0,1,0,0,0,0
1007,1450000,0,5,110,4,3,0,1,0,0,0,0,0,1,0,0,0,0
1008,1605000,8,5,115,4,1,0,1,0,0,0,0,0,1,0,0,0,0
1009,1590000,8,6,125,4,6,1,0,0,0,0,0,0,1,0,0,0,0
1010,1825000,0,3,202,5,3,0,1,0,0,0,0,0,1,0,0,0,0
1011,9200000,0,5,201,5,4,0,1,0,0,0,0,0,0,0,0,0,1
1012,2680000,0,4,150,4,3,0,1,0,0,0,0,0,1,0,0,0,0
1013,5999999,25,3,280,6,3,0,0,0,1,0,0,0,1,0,0,0,0
1014,880000,13,4,75,3,4,0,1,0,0,0,0,0,0,0,1,0,0
1015,2300000,8,5,180,5,1,0,1,0,0,0,0,0,1,0,0,0,0
1016,2890000,3,8,250,5,8,1,0,0,0,0,0,0,1,0,0,0,0
1017,1670000,2,4,130,4,1,0,1,0,0,0,0,0,1,0,0,0,0
1018,1400000,25,5,140,4,1,0,1,0,0,0,0,0,1,0,0,0,0
1019,360000,25,4,120,4,4,0,1,0,0,0,0,0,1,0,0,0,0
1020,1200000,13,6,95,3,1,0,1,0,0,0,0,0,1,0,0,0,0
1021,1885000,8,21,205,5,11,0,1,0,0,0,0,0,1,0,0,0,0
1022,4500000,25,5,180,4,1,0,1,0,0,0,0,0,1,0,0,0,0
1023,899000,8,4,60,3,4,0,1,0,0,0,0,0,1,0,0,0,0
1024,1800000,3,7,108,4,1,0,1,0,0,0,0,0,1,0,0,0,0
1025,1750000,25,3,110,4,1,0,1,0,0,0,0,1,0,0,0,0,0
1026,1590000,2,3,130,4,2,0,1,0,0,0,0,0,1,0,0,0,0
1027,3500000,8,4,240,6,4,0,1,0,0,0,0,0,1,0,0,0,0
1028,3590000,2,9,166,5,1,0,1,0,0,0,0,0,0,0,1,0,0
1029,1850000,13,4,138,4,4,0,1,0,0,0,0,0,0,0,1,0,0
1030,2250000,8,3,250,6,3,0,1,0,0,0,0,0,1,0,0,0,0
1031,5750000,13,3,280,5,1,0,1,0,0,0,0,0,0,0,0,0,1
1032,4750000,0,3,310,8,1,0,1,0,0,0,0,1,0,0,0,0,0
1033,1885000,13,5,148,4,5,0,1,0,0,0,0,0,1,0,0,0,0
1034,4050000,8,5,205,5,5,0,1,0,0,0,0,0,1,0,0,0,0
1035,4600000,4,5,260,6,5,0,1,0,0,0,0,0,1,0,0,0,0
1036,1300000,1,5,75,3,3,0,1,0,0,0,0,0,1,0,0,0,0
1037,2500000,4,4,150,4,1,0,1,0,0,0,0,0,1,0,0,0,0
1038,8320000,13,14,200,5,12,0,1,0,0,0,0,0,1,0,0,0,0
1039,4125000,8,4,190,4,4,0,1,0,0,0,0,0,1,0,0,0,0
1040,1650000,0,6,127,4,1,0,1,0,0,0,0,0,0,0,0,0,1
1041,3350000,8,3,197,4,3,0,1,0,0,0,0,0,1,0,0,0,0
1042,1702000,8,5,240,5,5,0,1,0,0,0,0,0,1,0,0,0,0
1043,1720000,0,3,145,4,3,0,1,0,0,0,0,0,0,0,0,0,1
1044,1990000,4,4,110,4,2,0,1,0,0,0,0,0,1,0,0,0,0
1045,5200000,8,22,225,4,5,0,1,0,0,0,0,0,0,0,1,0,0
1046,2075000,0,8,100,3,1,0,1,0,0,0,0,0,0,0,0,0,1
1047,3950000,2,6,140,4,6,0,1,0,0,0,0,0,0,0,0,0,1
1048,2650000,0,5,157,4,2,0,1,0,0,0,0,0,0,0,0,0,1
1049,3250000,4,4,240,8,4,0,1,0,0,0,0,0,1,0,0,0,0
1050,628000,25,5,70,3,2,0,1,0,0,1,0,0,0,0,0,0,0
1051,875000,0,3,60,3,1,0,1,0,0,0,0,0,1,0,0,0,0
1052,2100000,4,6,135,4,1,0,1,0,0,0,0,0,0,0,0,0,1
1053,1600000,8,2,160,3,1,0,1,0,0,0,0,0,0,0,0,1,0
1054,3700000,0,5,125,4,4,0,1,0,0,0,0,0,1,0,0,0,0
1055,2250000,8,8,145,5,1,0,1,0,0,0,0,0,1,0,0,0,0
1056,2050000,0,6,127,4,2,0,1,0,0,0,0,0,0,0,0,0,1
1057,2250000,2,6,100,4,2,0,1,0,0,0,0,0,0,0,1,0,0
1058,2250000,8,5,160,5,4,0,1,0,0,0,0,0,1,0,0,0,0
1059,4500000,8,5,150,4,2,0,1,0,0,0,0,0,1,0,0,0,0
1060,4600000,8,4,240,6,4,0,1,0,0,0,0,0,1,0,0,0,0
1061,2150000,13,5,125,4,1,0,1,0,0,0,0,0,1,0,0,0,0
1062,1250000,25,5,105,4,4,0,1,0,0,0,0,0,1,0,0,0,0
1063,1610000,0,10,127,4,10,0,1,0,0,0,0,0,0,0,0,0,1
1064,720000,25,5,90,3,5,0,1,0,0,0,0,0,1,0,0,0,0
1065,2270000,3,3,122,4,2,0,1,0,0,0,0,0,1,0,0,0,0
1066,1050000,2,3,84,3,2,0,1,0,0,0,0,0,1,0,0,0,0
1067,695000,0,4,75,3,1,0,1,0,0,0,0,0,1,0,0,0,0
1068,875000,25,6,90,3,5,0,1,0,0,0,0,0,1,0,0,0,0
1069,1050000,8,4,75,3,1,0,1,0,0,0,0,0,1,0,0,0,0
1070,1350000,18,5,125,4,2,0,1,0,0,0,0,0,1,0,0,0,0
1071,1650000,3,4,90,3,2,0,1,0,0,0,0,0,1,0,0,0,0
1072,1450000,0,5,75,3,1,0,1,0,0,0,0,0,1,0,0,0,0
1073,790000,25,4,120,4,1,0,1,0,0,0,0,0,1,0,0,0,0
1074,1245000,8,3,120,4,1,0,1,0,0,0,0,0,1,0,0,0,0
1075,2250000,0,4,190,5,4,0,1,0,0,0,0,0,1,0,0,0,0
1076,1650000,0,5,90,3,1,0,1,0,0,0,0,0,1,0,0,0,0
1077,4060000,0,5,280,6,5,0,1,0,0,0,0,0,1,0,0,0,0
1078,2400000,0,4,130,4,2,0,1,0,0,0,0,0,0,0,0,0,1
1079,2050000,13,10,130,4,5,0,1,0,0,0,0,0,1,0,0,0,0
1080,1550000,25,5,110,4,5,0,1,0,0,0,0,0,1,0,0,0,0
1081,4200000,13,6,155,4,1,0,1,0,0,0,0,0,1,0,0,0,0
1082,1090000,3,3,90,3,1,0,1,0,0,0,0,0,1,0,0,0,0
1083,2600000,25,7,135,4,2,0,1,0,0,0,0,0,0,0,1,0,0
1084,3400000,13,8,185,5,1,0,1,0,0,0,0,0,1,0,0,0,0
1085,2300000,4,5,120,4,2,0,1,0,0,0,0,0,1,0,0,0,0
1086,1350000,25,5,90,3,2,0,1,0,0,0,0,0,1,0,0,0,0
1087,1535000,25,5,140,4,3,0,1,0,0,0,0,0,1,0,0,0,0
1088,999000,0,5,55,3,4,0,1,0,0,0,0,0,0,0,0,0,1
1089,4000000,0,14,125,4,11,0,1,0,0,0,0,0,0,0,0,0,1
1090,1699000,0,6,65,2,4,0,1,0,0,0,0,0,0,0,0,0,1
1091,2200000,18,12,145,4,8,0,1,0,0,0,0,0,0,0,1,0,0
1092,1259000,0,5,50,3,1,0,1,0,0,0,0,0,0,0,0,0,1
1093,1200000,4,5,58,3,1,0,1,0,0,0,0,0,0,0,0,0,1
1094,790000,8,3,65,3,1,0,1,0,0,0,0,0,1,0,0,0,0
1095,775000,25,5,85,3,3,0,1,0,0,0,0,0,1,0,0,0,0
1096,4000000,18,24,240,6,24,0,1,0,0,0,0,0,0,0,1,0,0
1097,2550000,0,6,180,5,6,0,1,0,0,0,0,0,0,0,0,0,1
1098,2800000,0,5,120,4,3,0,1,0,0,0,0,0,0,0,0,0,1
1099,1350000,13,8,90,3,5,0,1,0,0,0,0,0,0,0,1,0,0
1100,1800000,4,4,130,4,2,0,1,0,0,0,0,0,1,0,0,0,0
1101,2500000,13,5,220,6,5,1,0,0,0,0,0,0,1,0,0,0,0
1102,4100000,8,5,280,7,4,0,1,0,0,0,0,0,1,0,0,0,0
1103,8250000,8,3,320,6,1,0,1,0,0,0,0,0,1,0,0,0,0
1104,1360000,4,5,110,4,3,0,1,0,0,0,0,0,1,0,0,0,0
1105,2400000,13,5,300,6,5,0,1,0,0,0,0,0,1,0,0,0,0
1106,1900000,13,14,192,5,2,0,1,0,0,0,0,0,0,0,1,0,0
1107,1650000,25,3,90,6,1,0,1,0,0,0,0,0,0,0,0,1,0
1108,1875000,18,5,147,4,2,0,1,0,0,0,0,0,1,0,0,0,0
1109,2140000,25,2,100,6,1,0,1,0,0,0,0,0,1,0,0,0,0
1110,2500000,8,3,350,8,3,0,1,0,0,0,0,0,1,0,0,0,0
1111,5450000,8,6,250,7,6,1,0,0,0,0,0,0,1,0,0,0,0
1112,2200000,4,6,115,3,3,0,1,0,0,0,0,0,1,0,0,0,0
1113,2100000,18,3,140,4,1,0,1,0,0,0,0,0,1,0,0,0,0
1114,3000000,18,5,150,4,1,0,1,0,0,0,0,0,1,0,0,0,0
1115,2900000,13,7,165,5,3,0,1,0,0,0,0,0,1,0,0,0,0
1116,1550000,4,5,90,3,3,0,1,0,0,0,0,0,0,0,0,0,1
1117,6750000,1,6,217,5,1,0,1,0,0,0,0,0,0,0,0,0,1
1118,2900000,1,7,135,4,1,0,1,0,0,0,0,0,1,0,0,0,0
1119,1200000,13,5,90,3,2,0,1,0,0,0,0,0,1,0,0,0,0
1120,2950000,18,4,155,4,2,0,1,0,0,0,0,0,1,0,0,0,0
1121,3150000,0,7,200,6,7,0,1,0,0,0,0,0,1,0,0,0,0
1122,1850000,18,3,140,4,1,0,1,0,0,0,0,0,1,0,0,0,0
1123,600000,18,4,100,4,4,0,1,0,0,0,0,0,1,0,0,0,0
1124,2725000,25,5,110,4,4,0,1,0,0,0,0,0,1,0,0,0,0
1125,1550000,25,5,120,4,5,0,1,0,0,0,0,0,1,0,0,0,0
1126,2469000,0,8,97,3,1,0,1,0,0,0,0,0,0,0,1,0,0
1127,1880000,3,5,150,4,2,0,1,0,0,0,0,0,1,0,0,0,0
1128,1285000,0,4,125,4,1,0,1,0,0,0,0,0,0,0,0,0,1
1129,2850000,8,3,200,5,2,0,1,0,0,0,0,0,1,0,0,0,0
1130,399000,25,5,95,3,1,0,1,0,0,0,0,0,1,0,0,0,0
1131,2600000,1,12,80,3,5,0,1,0,0,0,0,0,0,0,0,0,1
1132,2450000,0,5,165,5,4,0,1,0,0,0,0,0,1,0,0,0,0
1133,5250000,18,3,270,6,1,0,1,0,0,0,0,0,1,0,0,0,0
1134,850000,25,4,120,4,4,0,1,0,0,0,0,0,1,0,0,0,0
1135,540000,8,4,90,3,1,0,1,0,0,0,0,0,1,0,0,0,0
1136,870000,8,4,65,3,4,0,1,0,0,0,0,0,1,0,0,0,0
1137,1850000,4,10,140,4,10,0,1,0,0,0,0,0,1,0,0,0,0
1138,2375000,0,5,220,5,4,0,1,0,0,0,0,0,1,0,0,0,0
1139,785000,25,4,110,3,4,0,1,0,0,0,0,0,1,0,0,0,0
1140,739000,25,5,120,4,1,0,1,0,0,0,0,0,0,0,1,0,0
1141,1325000,1,3,140,5,3,0,1,0,0,0,0,0,0,0,0,0,1
1142,1550000,25,5,90,3,5,0,1,0,0,0,0,0,1,0,0,0,0
1143,1250000,0,5,60,3,2,0,1,0,0,0,0,0,1,0,0,0,0
1144,2400000,8,7,88,3,1,0,1,0,0,0,0,0,0,0,0,0,1
1145,2900000,0,6,130,4,3,0,1,0,0,0,0,0,0,0,0,0,1
1146,1600000,3,5,165,4,4,0,1,0,0,0,0,0,1,0,0,0,0
1147,4600000,0,3,180,4,1,0,1,0,0,0,0,0,1,0,0,0,0
1148,3200000,0,6,147,5,1,0,1,0,0,0,0,0,0,0,0,0,1
1149,1020000,0,4,129,4,2,0,1,0,0,0,0,0,1,0,0,0,0
1150,2050000,0,15,60,2,3,0,1,0,0,0,0,0,0,0,0,0,1
1151,3825000,0,8,100,4,7,0,1,0,0,0,0,0,0,0,0,0,1
1152,6550000,8,6,140,5,2,0,1,0,0,0,1,0,0,0,0,0,0
1153,2900000,0,9,135,4,2,0,1,0,0,0,0,0,1,0,0,0,0
1154,1100000,3,4,100,3,4,0,1,0,0,0,0,0,1,0,0,0,0
1155,799000,0,5,50,2,1,0,1,0,0,0,0,0,0,0,0,0,1
1156,875000,0,7,40,2,1,0,1,0,0,0,0,0,0,0,0,0,1
1157,1699000,8,6,220,5,5,0,1,0,0,0,0,0,1,0,0,0,0
1158,3729000,0,6,152,5,2,0,1,0,0,0,0,0,0,0,0,0,1
1159,3729000,0,6,152,5,2,0,1,0,0,0,0,0,0,0,0,0,1
1160,1450000,25,3,110,4,3,0,1,0,0,0,0,0,1,0,0,0,0
1161,2000000,18,3,100,4,3,0,0,1,0,1,0,0,0,0,0,0,0
1162,2499000,13,10,155,4,2,0,1,0,0,0,0,0,0,0,1,0,0
1163,879000,0,5,49,3,4,0,1,0,0,0,0,0,0,0,0,0,1
1164,750000,8,5,55,3,2,0,1,0,0,0,0,0,1,0,0,0,0
1165,775000,13,3,105,3,2,0,1,0,0,0,0,0,1,0,0,0,0
1166,1900000,8,2,125,3,2,0,1,0,0,0,0,0,1,0,0,0,0
1167,1200000,8,5,100,4,3,0,1,0,0,0,0,0,1,0,0,0,0
1168,775000,25,5,95,3,1,0,1,0,0,1,0,0,0,0,0,0,0
1169,1650000,8,3,105,3,2,0,1,0,0,0,0,0,1,0,0,0,0
1170,1540000,8,5,95,3,2,0,1,0,0,0,0,0,1,0,0,0,0
1171,1200000,8,4,90,3,2,0,1,0,0,0,0,0,1,0,0,0,0
1172,1270000,8,4,90,3,4,0,1,0,0,0,0,0,1,0,0,0,0
1173,1800000,0,7,120,4,2,0,1,0,0,0,0,0,1,0,0,0,0
1174,1040000,25,5,90,3,4,0,1,0,0,0,0,0,1,0,0,0,0
1175,2050000,4,2,90,4,1,0,1,0,0,0,0,0,0,0,0,1,0
1176,2920000,25,11,220,6,11,0,1,0,0,0,0,0,0,0,1,0,0
1177,1600000,25,5,115,4,3,0,1,0,0,0,0,0,1,0,0,0,0
1178,1150000,8,4,110,4,1,0,1,0,0,0,0,0,1,0,0,0,0
1179,1120000,25,5,75,3,5,0,1,0,0,0,0,0,1,0,0,0,0
1180,2900000,8,6,150,4,4,0,1,0,0,0,0,0,1,0,0,0,0
1181,2470000,4,14,130,4,10,0,1,0,0,0,0,0,1,0,0,0,0
1182,1765000,1,14,110,4,2,0,1,0,0,0,0,0,1,0,0,0,0
1183,1250000,0,4,100,3,4,1,0,0,0,0,0,0,0,0,0,0,1
1184,1900000,0,5,135,4,3,0,1,0,0,0,0,0,1,0,0,0,0
1185,1200000,8,4,130,4,1,0,1,0,0,0,0,0,1,0,0,0,0
1186,2600000,25,3,100,6,3,0,0,1,0,0,0,0,1,0,0,0,0
1187,2615000,8,7,130,4,4,0,1,0,0,0,0,0,0,0,1,0,0
1188,2615000,8,7,130,4,4,0,1,0,0,0,0,0,0,0,1,0,0
1189,1675000,8,3,140,9,3,0,0,1,0,0,0,0,1,0,0,0,0
1190,2070000,18,10,160,4,1,0,1,0,0,0,0,0,0,0,1,0,0
1191,450000,18,4,40,1,1,0,1,0,0,0,0,1,0,0,0,0,0
1192,1650000,4,4,95,3,3,0,1,0,0,0,0,0,1,0,0,0,0
1193,570000,25,4,70,2,1,0,1,0,0,0,0,0,1,0,0,0,0
1194,1590000,8,3,250,7,3,0,1,0,0,0,0,0,1,0,0,0,0
1195,1250000,0,4,98,3,2,0,1,0,0,0,0,0,1,0,0,0,0
1196,3450000,25,2,220,5,2,0,0,1,0,1,0,0,0,0,0,0,0
1197,550000,25,4,90,3,4,0,1,0,0,0,0,0,1,0,0,0,0
1198,2080000,4,3,230,6,3,0,1,0,0,0,0,0,1,0,0,0,0
1199,850000,18,2,90,5,2,0,0,1,0,1,0,0,0,0,0,0,0
1200,3650000,4,3,190,6,3,1,0,0,0,0,0,0,0,0,0,0,1
1201,999000,0,5,60,3,3,0,1,0,0,0,0,0,0,0,0,0,1
1202,1460000,8,1,393,3,1,0,1,0,0,0,0,1,0,0,0,0,0
1203,1650000,13,4,120,4,4,0,1,0,0,0,0,0,1,0,0,0,0
1204,2600000,25,5,220,4,5,1,0,0,0,0,0,0,1,0,0,0,0
1205,990000,3,6,70,3,1,0,1,0,0,0,0,0,1,0,0,0,0
1206,2180000,18,11,140,4,5,0,1,0,0,0,0,0,0,0,1,0,0
1207,1245000,13,5,135,4,1,0,1,0,0,0,0,0,1,0,0,0,0
1208,1790000,8,3,110,4,1,0,1,0,0,0,0,0,1,0,0,0,0
1209,720000,25,4,90,3,4,0,1,0,0,0,0,0,1,0,0,0,0
1210,650000,25,5,110,3,4,0,1,0,0,1,0,0,0,0,0,0,0
1211,870000,25,4,80,3,4,0,1,0,0,0,0,1,0,0,0,0,0
1212,1750000,13,7,115,4,2,0,1,0,0,0,0,0,1,0,0,0,0
1213,1000000,25,5,130,4,4,0,1,0,0,0,0,0,0,0,1,0,0
1214,1050000,8,4,70,3,3,0,1,0,0,0,0,0,1,0,0,0,0
1215,2900000,8,5,240,8,5,1,0,0,0,0,0,0,1,0,0,0,0
1216,1000000,18,4,100,3,1,0,1,0,0,0,0,0,1,0,0,0,0
1217,4850000,4,4,270,7,3,0,1,0,0,0,0,0,1,0,0,0,0
1218,4990000,13,4,250,8,4,0,1,0,0,0,0,0,1,0,0,0,0
1219,2250000,18,4,229,7,3,0,1,0,0,0,0,0,1,0,0,0,0
1220,1550000,8,4,152,5,3,0,1,0,0,0,0,0,1,0,0,0,0
1221,1350000,8,4,90,3,4,1,0,0,0,0,0,0,1,0,0,0,0
1222,840000,18,5,95,3,3,0,1,0,0,0,0,0,1,0,0,0,0
1223,1985000,25,5,150,4,2,0,1,0,0,0,0,0,1,0,0,0,0
1224,2155000,8,5,128,4,3,0,1,0,0,0,0,0,1,0,0,0,0
1225,650000,25,5,85,3,2,0,1,0,0,1,0,0,0,0,0,0,0
1226,1475000,2,3,130,4,3,0,1,0,0,0,0,0,1,0,0,0,0
1227,2895000,0,6,220,6,6,1,0,0,0,0,0,0,0,0,0,0,1
1228,3400000,13,8,185,5,3,0,1,0,0,0,0,0,1,0,0,0,0
1229,5625000,8,2,7500,4,2,0,0,0,1,0,0,0,0,0,0,1,0
1230,1650000,0,3,140,4,1,0,1,0,0,0,0,0,1,0,0,0,0
1231,1360000,8,3,140,4,3,0,1,0,0,0,0,0,1,0,0,0,0
1232,1350000,8,3,120,4,2,0,1,0,0,0,0,0,1,0,0,0,0
1233,1800000,0,4,75,3,2,0,1,0,0,0,0,0,1,0,0,0,0
1234,2950000,8,6,140,4,4,0,1,0,0,0,0,0,1,0,0,0,0
1235,5250000,4,6,320,7,6,0,1,0,0,0,0,0,1,0,0,0,0
1236,1260000,0,4,130,4,4,0,1,0,0,0,0,0,1,0,0,0,0
1237,6950000,4,10,250,5,10,0,1,0,0,0,0,0,0,0,0,0,1
1238,1395000,0,3,110,4,2,0,1,0,0,0,0,0,1,0,0,0,0
1239,1270000,0,4,92,3,1,0,1,0,0,0,0,0,1,0,0,0,0
1240,350000,25,2,50,2,2,0,0,1,0,0,0,0,0,0,0,1,0
1241,885000,4,4,100,3,2,0,1,0,0,0,0,0,1,0,0,0,0
1242,425000,25,5,65,3,1,0,1,0,0,0,0,0,1,0,0,0,0
1243,1160000,0,4,130,4,2,0,1,0,0,0,0,0,1,0,0,0,0
1244,1229000,25,5,115,4,1,0,1,0,0,0,0,0,1,0,0,0,0
1245,1250000,4,5,75,3,3,0,1,0,0,0,0,0,0,0,1,0,0
1246,1150000,8,3,110,4,2,0,1,0,0,0,0,0,1,0,0,0,0
1247,879000,25,4,95,3,3,0,1,0,0,0,0,0,1,0,0,0,0
1248,4500000,2,6,380,6,6,0,1,0,0,0,0,0,1,0,0,0,0
1249,3100000,8,5,114,4,1,0,1,0,0,0,0,0,1,0,0,0,0
1250,2400000,0,5,130,4,1,0,1,0,0,0,0,0,1,0,0,0,0
1251,520000,25,6,96,3,1,0,1,0,0,0,0,0,1,0,0,0,0
1252,1100000,25,2,150,5,2,0,0,1,0,1,0,0,0,0,0,0,0
1253,1565000,25,3,83,3,2,0,1,0,0,0,0,0,1,0,0,0,0
1254,1890000,4,5,130,4,1,0,1,0,0,0,0,0,1,0,0,0,0
1255,1690000,25,5,95,3,4,0,1,0,0,0,0,0,1,0,0,0,0
1256,2900000,0,5,140,4,1,0,1,0,0,0,0,0,0,0,0,0,1
1257,2200000,25,5,90,3,1,0,1,0,0,0,0,0,1,0,0,0,0
1258,2550000,3,10,140,4,8,0,1,0,0,0,0,0,1,0,0,0,0
1259,1380000,4,3,110,3,3,0,1,0,0,0,0,0,1,0,0,0,0
1260,950000,25,1,900,4,1,0,1,0,0,0,0,0,0,0,0,1,0
1261,4000000,0,5,220,5,1,0,1,0,0,0,0,0,1,0,0,0,0
1262,2100000,0,6,130,4,3,0,1,0,0,0,0,0,0,0,0,0,1
1263,1550000,13,3,115,4,1,0,1,0,0,0,0,0,1,0,0,0,0
1264,2995000,8,2,130,4,1,0,1,0,0,0,0,0,1,0,0,0,0
1265,550000,25,5,75,3,5,0,1,0,0,0,0,0,1,0,0,0,0
1266,2490000,8,4,135,4,4,1,0,0,0,0,0,0,1,0,0,0,0
